borrower_id,application_date,age,employment_type,region,annual_income,dependents,credit_score,existing_debt
B100001,2024-02-01 00:00:00,31,Salaried,North,94700,0,707,63300
B100002,2024-12-30 00:00:00,24,Self-Employed,South,189600,2,762,157000
B100003,2023-05-11 00:00:00,35,Salaried,East,100400,2,546,75000
B100004,2024-07-18 00:00:00,26,Self-Employed,West,33100,3,664,50700
B100005,2024-02-05 00:00:00,50,Contract,West,74300,2,719,47500
B100006,2024-01-01 00:00:00,58,Salaried,East,36400,2,548,50000
B100007,2025-09-21 00:00:00,22,Self-Employed,North,111900,1,777,39200
B100008,2023-11-11 00:00:00,35,Salaried,North,33500,1,715,57700
B100009,2025-06-27 00:00:00,31,Self-Employed,North,32800,3,760,39200
B100010,2021-05-02 00:00:00,28,Salaried,South,26700,2,653,35500
B100011,2022-04-12 00:00:00,46,Contract,South,44100,2,661,29800
B100012,2024-05-23 00:00:00,65,Business Owner,West,40300,1,680,34600
B100013,2021-11-27 00:00:00,64,Salaried,North,31200,2,829,17400
B100014,2025-01-22 00:00:00,25,Salaried,East,134700,2,776,227900
B100015,2021-03-29 00:00:00,26,Business Owner,West,69800,3,699,68500
B100016,2024-10-28 00:00:00,46,Business Owner,East,66200,2,707,80000
B100017,2024-01-29 00:00:00,24,Salaried,West,112400,3,731,154500
B100018,2023-05-22 00:00:00,39,Salaried,South,61700,3,845,49000
B100019,2025-08-15 00:00:00,40,Business Owner,West,39300,2,715,53100
B100020,2021-05-11 00:00:00,53,Salaried,South,25600,2,693,32800
B100021,2025-08-13 00:00:00,40,Contract,West,38300,3,668,50900
B100022,2024-08-25 00:00:00,32,Salaried,North,108300,2,705,106400
B100023,2023-02-09 00:00:00,21,Salaried,East,31300,3,652,25400
B100024,2021-12-10 00:00:00,46,Business Owner,North,64500,2,722,35800
B100025,2025-02-24 00:00:00,34,Salaried,West,87600,2,597,133100
B100026,2024-12-08 00:00:00,58,Salaried,West,62500,1,673,73300
B100027,2023-03-17 00:00:00,57,Salaried,West,65800,1,738,59900
B100028,2022-01-21 00:00:00,31,Salaried,South,73900,4,714,126400
B100029,2024-04-30 00:00:00,56,Self-Employed,East,65200,2,660,18000
B100030,2023-08-14 00:00:00,33,Salaried,East,113500,2,675,177100
B100031,2021-10-04 00:00:00,63,Self-Employed,West,34400,3,757,61800
B100032,2024-03-30 00:00:00,23,Business Owner,West,61300,2,611,99300
B100033,2022-04-05 00:00:00,53,Self-Employed,South,24300,2,612,36400
B100034,2024-08-30 00:00:00,26,Salaried,North,21600,2,630,17300
B100035,2021-01-22 00:00:00,30,Salaried,North,53000,2,689,30200
B100036,2021-09-10 00:00:00,25,Contract,East,70200,0,602,96600
B100037,2023-01-18 00:00:00,43,Self-Employed,South,114600,1,752,78800
B100038,2023-05-07 00:00:00,30,Salaried,West,163400,1,630,78700
B100039,2025-05-04 00:00:00,64,Salaried,East,99600,1,705,145300
B100040,2022-04-20 00:00:00,22,Salaried,South,76300,2,652,53400
B100041,2023-12-19 00:00:00,33,Self-Employed,North,59100,1,686,98300
B100042,2022-05-26 00:00:00,60,Business Owner,South,27600,0,586,42600
B100043,2025-09-02 00:00:00,22,Self-Employed,North,51500,1,755,80100
B100044,2025-02-08 00:00:00,40,Business Owner,South,98300,0,628,141000
B100045,2022-12-01 00:00:00,21,Self-Employed,East,82400,2,621,132600
B100046,2023-09-03 00:00:00,57,Salaried,North,30800,3,845,45900
B100047,2021-07-09 00:00:00,29,Salaried,East,72500,2,726,84400
B100048,2023-08-16 00:00:00,37,Salaried,East,69800,1,753,47000
B100049,2022-11-18 00:00:00,29,Salaried,North,64400,0,720,104400
B100050,2023-08-16 00:00:00,31,Business Owner,North,54300,1,661,83900
B100051,2022-07-17 00:00:00,35,Salaried,West,74200,2,605,71000
B100052,2025-05-10 00:00:00,44,Salaried,West,75300,1,671,19800
B100053,2024-06-21 00:00:00,58,Salaried,West,41200,2,626,50300
B100054,2023-04-12 00:00:00,55,Salaried,East,67500,1,630,19000
B100055,2025-03-09 00:00:00,50,Salaried,East,50500,3,587,84900
B100056,2024-02-29 00:00:00,51,Salaried,West,28200,1,697,49000
B100057,2025-02-17 00:00:00,25,Self-Employed,East,42700,1,792,21500
B100058,2022-10-09 00:00:00,64,Salaried,East,27200,3,726,34900
B100059,2021-01-21 00:00:00,34,Self-Employed,North,85500,1,683,29700
B100060,2023-04-21 00:00:00,31,Salaried,North,64600,0,687,88300
B100061,2021-06-16 00:00:00,29,Salaried,East,46900,2,492,35400
B100062,2024-07-21 00:00:00,54,Salaried,West,104200,2,662,134400
B100063,2022-01-23 00:00:00,32,Self-Employed,South,56700,2,597,45200
B100064,2022-08-24 00:00:00,55,Self-Employed,West,28900,1,699,12500
B100065,2021-11-12 00:00:00,55,Salaried,South,45100,1,673,38300
B100066,2021-01-14 00:00:00,21,Salaried,West,114700,1,633,43600
B100067,2021-08-30 00:00:00,60,Self-Employed,North,40700,0,697,45700
B100068,2023-02-16 00:00:00,42,Salaried,East,62300,3,697,16500
B100069,2024-10-01 00:00:00,49,Salaried,East,76900,2,789,80300
B100070,2022-07-19 00:00:00,28,Business Owner,North,71700,1,735,116000
B100071,2023-06-17 00:00:00,31,Self-Employed,South,165600,2,704,255100
B100072,2024-09-25 00:00:00,61,Salaried,South,32400,1,628,52200
B100073,2021-04-02 00:00:00,57,Contract,South,33900,3,620,56800
B100074,2024-10-22 00:00:00,34,Self-Employed,North,32600,0,729,12000
B100075,2023-08-14 00:00:00,50,Salaried,South,48100,0,677,19500
B100076,2025-01-18 00:00:00,55,Self-Employed,North,90200,2,706,98400
B100077,2024-12-22 00:00:00,41,Self-Employed,West,34600,2,754,56400
B100078,2022-05-24 00:00:00,57,Salaried,West,90800,2,592,159700
B100079,2023-02-15 00:00:00,25,Salaried,North,55900,0,781,15300
B100080,2021-02-04 00:00:00,39,Salaried,East,33400,1,753,25700
B100081,2021-07-25 00:00:00,34,Self-Employed,West,25000,2,556,13500
B100082,2024-01-10 00:00:00,46,Salaried,South,27700,1,843,39000
B100083,2025-05-05 00:00:00,24,Business Owner,North,40800,3,711,50000
B100084,2024-11-12 00:00:00,45,Self-Employed,South,51000,0,659,20000
B100085,2023-10-23 00:00:00,65,Salaried,South,100800,2,724,98100
B100086,2023-10-19 00:00:00,62,Self-Employed,East,78800,2,626,102200
B100087,2024-11-14 00:00:00,45,Salaried,South,37700,1,725,54500
B100088,2022-07-20 00:00:00,38,Self-Employed,East,66100,2,638,15300
B100089,2024-02-04 00:00:00,60,Self-Employed,West,115600,3,821,187800
B100090,2025-12-01 00:00:00,28,Salaried,North,127800,0,694,142000
B100091,2025-02-09 00:00:00,59,Salaried,South,47700,3,732,71500
B100092,2022-12-04 00:00:00,60,Salaried,North,84700,2,639,126400
B100093,2022-02-06 00:00:00,34,Salaried,South,102800,1,743,51800
B100094,2022-12-31 00:00:00,52,Salaried,North,27900,1,689,10500
B100095,2025-04-29 00:00:00,58,Salaried,South,43700,1,598,59200
B100096,2021-06-11 00:00:00,53,Contract,South,149400,2,674,67300
B100097,2021-07-21 00:00:00,43,Salaried,South,48000,3,816,74900
B100098,2023-09-23 00:00:00,35,Salaried,South,18000,3,746,24500
B100099,2021-09-27 00:00:00,53,Self-Employed,South,52100,4,665,80600
B100100,2023-03-27 00:00:00,45,Salaried,South,91200,3,569,61900
B100101,2024-07-18 00:00:00,37,Contract,South,55200,2,636,39000
B100102,2022-04-01 00:00:00,53,Self-Employed,South,75900,1,599,96700
B100103,2025-01-25 00:00:00,22,Self-Employed,South,83900,2,570,21000
B100104,2025-10-17 00:00:00,34,Salaried,North,46900,0,741,63900
B100105,2024-06-29 00:00:00,60,Salaried,East,43500,2,694,66900
B100106,2023-10-14 00:00:00,60,Salaried,South,58900,1,807,50900
B100107,2025-09-22 00:00:00,59,Business Owner,East,59600,0,625,84900
B100108,2021-10-23 00:00:00,26,Salaried,South,56400,0,690,27000
B100109,2025-10-15 00:00:00,26,Salaried,South,57400,1,599,41100
B100110,2022-12-21 00:00:00,23,Contract,North,39300,2,651,69100
B100111,2025-11-08 00:00:00,27,Salaried,West,77100,1,676,137100
B100112,2021-12-04 00:00:00,28,Salaried,West,72000,2,666,73500
B100113,2023-05-29 00:00:00,62,Salaried,North,30100,2,693,51000
B100114,2023-12-13 00:00:00,35,Contract,East,46200,2,753,47900
B100115,2023-03-03 00:00:00,49,Salaried,West,57400,1,746,38300
B100116,2021-08-05 00:00:00,53,Self-Employed,North,43200,0,640,27100
B100117,2023-02-03 00:00:00,50,Self-Employed,North,73300,2,688,123700
B100118,2021-07-07 00:00:00,59,Salaried,West,53400,2,742,25400
B100119,2022-01-15 00:00:00,47,Self-Employed,East,59300,0,757,66900
B100120,2022-05-08 00:00:00,56,Salaried,North,45900,1,647,50000
B100121,2023-12-01 00:00:00,49,Salaried,South,22400,0,736,31000
B100122,2024-03-26 00:00:00,58,Business Owner,East,21900,2,712,21900
B100123,2021-01-15 00:00:00,53,Business Owner,East,71700,1,621,45600
B100124,2021-03-06 00:00:00,57,Self-Employed,West,62000,2,742,29200
B100125,2022-06-05 00:00:00,47,Salaried,West,67000,3,700,80000
B100126,2024-09-29 00:00:00,53,Salaried,South,58400,1,577,78900
B100127,2024-02-27 00:00:00,24,Salaried,North,60600,4,671,67300
B100128,2022-10-10 00:00:00,42,Salaried,West,85100,2,693,117600
B100129,2025-02-04 00:00:00,22,Salaried,West,67200,2,651,28700
B100130,2023-12-23 00:00:00,30,Salaried,East,87900,2,770,141700
B100131,2024-03-08 00:00:00,25,Salaried,West,59400,2,772,67200
B100132,2025-03-03 00:00:00,30,Salaried,West,48000,2,665,19300
B100133,2022-08-16 00:00:00,53,Salaried,West,60000,1,658,56300
B100134,2022-01-27 00:00:00,58,Salaried,West,37800,0,681,58700
B100135,2025-08-26 00:00:00,33,Business Owner,East,46400,0,677,75900
B100136,2022-02-23 00:00:00,51,Salaried,South,59600,1,651,37200
B100137,2021-10-16 00:00:00,56,Contract,South,59200,1,449,79200
B100138,2022-01-14 00:00:00,65,Business Owner,North,52400,1,804,18900
B100139,2025-12-02 00:00:00,44,Salaried,West,29400,0,690,7500
B100140,2025-02-22 00:00:00,35,Business Owner,East,73200,2,678,80300
B100141,2021-08-19 00:00:00,49,Salaried,North,80100,3,711,105100
B100142,2023-10-15 00:00:00,28,Salaried,North,115200,3,685,169700
B100143,2021-02-10 00:00:00,25,Salaried,South,67100,2,662,49900
B100144,2023-11-18 00:00:00,49,Salaried,East,55000,2,625,11600
B100145,2021-05-15 00:00:00,24,Salaried,East,34900,3,570,33800
B100146,2021-07-20 00:00:00,32,Salaried,East,107600,1,602,24200
B100147,2023-02-19 00:00:00,65,Self-Employed,South,61500,1,617,21400
B100148,2023-07-19 00:00:00,22,Self-Employed,South,60000,3,732,43400
B100149,2023-11-23 00:00:00,47,Salaried,South,49100,2,737,44200
B100150,2023-12-08 00:00:00,51,Self-Employed,South,47700,2,633,30900
B100151,2022-05-18 00:00:00,56,Salaried,South,75000,0,517,84800
B100152,2022-02-11 00:00:00,56,Salaried,West,34700,0,691,10000
B100153,2025-05-17 00:00:00,46,Business Owner,West,114300,3,663,49300
B100154,2025-10-18 00:00:00,63,Salaried,East,103600,2,661,136000
B100155,2023-03-16 00:00:00,47,Salaried,North,46900,1,752,20000
B100156,2021-04-09 00:00:00,25,Salaried,East,37300,0,699,45600
B100157,2022-11-15 00:00:00,40,Salaried,North,22200,2,627,6400
B100158,2022-12-27 00:00:00,31,Contract,South,31300,2,612,26700
B100159,2025-04-20 00:00:00,30,Salaried,North,76400,1,673,37000
B100160,2023-08-19 00:00:00,60,Contract,East,63400,3,631,23800
B100161,2025-10-29 00:00:00,58,Salaried,East,68700,0,685,76100
B100162,2022-09-05 00:00:00,26,Salaried,North,24000,1,757,40400
B100163,2025-01-25 00:00:00,28,Salaried,West,46000,2,600,13200
B100164,2022-10-05 00:00:00,43,Self-Employed,South,101800,1,696,89000
B100165,2025-11-28 00:00:00,46,Salaried,South,52700,3,749,70200
B100166,2023-10-26 00:00:00,63,Business Owner,East,31000,2,684,29100
B100167,2024-05-26 00:00:00,32,Business Owner,West,52300,3,737,77900
B100168,2022-05-18 00:00:00,46,Salaried,North,38900,0,671,19000
B100169,2023-02-06 00:00:00,33,Contract,South,63900,0,701,110900
B100170,2022-02-02 00:00:00,60,Business Owner,West,55500,1,719,45300
B100171,2023-05-21 00:00:00,38,Self-Employed,South,70200,2,653,52400
B100172,2023-03-06 00:00:00,45,Salaried,West,31800,2,819,50900
B100173,2022-01-28 00:00:00,53,Salaried,West,44900,3,728,49500
B100174,2021-07-26 00:00:00,60,Salaried,East,89800,2,775,92200
B100175,2023-11-05 00:00:00,63,Salaried,South,29900,3,760,40800
B100176,2025-04-27 00:00:00,32,Salaried,North,35000,2,711,39500
B100177,2023-06-11 00:00:00,64,Self-Employed,East,60200,1,780,27700
B100178,2025-01-24 00:00:00,56,Salaried,East,62600,1,702,80000
B100179,2025-09-11 00:00:00,24,Self-Employed,North,44100,2,643,18200
B100180,2025-05-18 00:00:00,25,Contract,East,48500,0,691,72200
B100181,2023-05-14 00:00:00,57,Business Owner,West,69900,0,625,124700
B100182,2023-01-13 00:00:00,28,Salaried,West,80600,2,553,64800
B100183,2024-06-18 00:00:00,62,Business Owner,South,34000,3,635,31000
B100184,2022-07-18 00:00:00,48,Salaried,South,64800,0,695,17800
B100185,2023-10-18 00:00:00,51,Salaried,North,108600,3,759,24100
B100186,2021-04-06 00:00:00,29,Self-Employed,South,52200,3,634,87400
B100187,2025-10-24 00:00:00,49,Salaried,West,33800,2,756,13700
B100188,2022-04-30 00:00:00,34,Salaried,North,33100,0,611,30200
B100189,2024-12-01 00:00:00,60,Salaried,North,51200,0,630,77000
B100190,2021-08-19 00:00:00,61,Salaried,South,87700,2,784,142300
B100191,2023-01-19 00:00:00,42,Salaried,West,54000,2,693,55700
B100192,2025-08-06 00:00:00,31,Salaried,North,59900,3,679,66100
B100193,2024-04-09 00:00:00,43,Self-Employed,West,35100,2,705,44600
B100194,2022-06-25 00:00:00,21,Self-Employed,West,85600,0,612,148800
B100195,2023-11-26 00:00:00,57,Salaried,West,32800,0,668,38200
B100196,2022-06-09 00:00:00,41,Salaried,South,43800,2,690,48000
B100197,2024-03-29 00:00:00,46,Salaried,East,73000,0,770,16300
B100198,2025-09-19 00:00:00,56,Salaried,East,22000,1,581,7200
B100199,2024-06-20 00:00:00,43,Business Owner,North,59500,2,805,66800
B100200,2024-01-15 00:00:00,21,Salaried,West,34500,0,682,58600
B100201,2022-08-01 00:00:00,60,Salaried,South,55400,1,618,87900
B100202,2022-11-13 00:00:00,35,Self-Employed,West,46900,1,606,83100
B100203,2022-07-11 00:00:00,41,Self-Employed,West,141900,1,708,148200
B100204,2025-05-17 00:00:00,29,Self-Employed,South,46100,0,602,67300
B100205,2023-10-10 00:00:00,29,Salaried,East,126000,2,654,194600
B100206,2022-10-08 00:00:00,30,Salaried,West,71600,3,674,88600
B100207,2023-03-07 00:00:00,46,Salaried,West,38300,1,764,28400
B100208,2023-11-18 00:00:00,61,Salaried,East,63800,3,756,60700
B100209,2025-07-02 00:00:00,55,Self-Employed,South,48000,1,648,75500
B100210,2025-04-29 00:00:00,45,Business Owner,North,61300,2,676,41500
B100211,2024-09-25 00:00:00,46,Self-Employed,East,39900,3,586,67000
B100212,2024-09-16 00:00:00,31,Business Owner,North,117700,2,557,66800
B100213,2025-07-22 00:00:00,58,Salaried,North,83400,3,610,116700
B100214,2025-03-10 00:00:00,22,Self-Employed,East,55800,0,763,67500
B100215,2024-10-03 00:00:00,27,Salaried,West,119800,0,741,167600
B100216,2025-02-05 00:00:00,38,Salaried,North,56900,3,715,51200
B100217,2024-06-08 00:00:00,47,Salaried,North,90100,1,595,152500
B100218,2021-07-09 00:00:00,54,Salaried,South,56000,1,644,67900
B100219,2024-06-02 00:00:00,47,Salaried,West,65700,2,634,43400
B100220,2024-11-09 00:00:00,37,Contract,North,53000,3,679,64700
B100221,2024-11-01 00:00:00,63,Salaried,South,57400,3,675,37800
B100222,2024-07-30 00:00:00,64,Salaried,West,59400,1,625,39800
B100223,2022-09-25 00:00:00,44,Salaried,East,40700,3,713,34200
B100224,2022-09-20 00:00:00,45,Business Owner,East,45900,0,705,71800
B100225,2023-08-31 00:00:00,27,Self-Employed,South,49900,0,643,49900
B100226,2025-11-04 00:00:00,26,Self-Employed,East,61000,2,710,78500
B100227,2024-07-06 00:00:00,44,Salaried,North,54200,0,763,44800
B100228,2024-10-14 00:00:00,53,Self-Employed,West,93200,1,783,57900
B100229,2022-12-11 00:00:00,49,Salaried,North,80500,2,722,139100
B100230,2025-01-19 00:00:00,63,Business Owner,North,50300,1,720,58600
B100231,2024-12-05 00:00:00,42,Self-Employed,East,102400,0,674,173500
B100232,2022-10-11 00:00:00,46,Salaried,North,127800,1,757,67200
B100233,2021-11-14 00:00:00,48,Salaried,East,21900,1,620,9500
B100234,2025-08-28 00:00:00,41,Salaried,West,83700,1,749,131400
B100235,2024-06-02 00:00:00,27,Salaried,West,40300,3,671,52000
B100236,2024-06-11 00:00:00,37,Salaried,North,78900,2,787,39300
B100237,2022-11-15 00:00:00,40,Self-Employed,South,96000,1,728,60600
B100238,2022-10-26 00:00:00,61,Salaried,East,37100,3,686,54900
B100239,2024-10-29 00:00:00,40,Salaried,East,23900,0,675,22100
B100240,2025-08-23 00:00:00,42,Salaried,North,80100,1,724,102000
B100241,2025-06-20 00:00:00,48,Salaried,East,58500,3,721,41500
B100242,2025-02-04 00:00:00,60,Business Owner,East,26000,1,664,21100
B100243,2024-06-10 00:00:00,27,Salaried,South,171700,4,696,306500
B100244,2025-09-12 00:00:00,21,Self-Employed,South,72800,1,748,43400
B100245,2024-02-11 00:00:00,52,Business Owner,North,74400,3,601,75200
B100246,2025-03-01 00:00:00,33,Self-Employed,South,101700,1,737,157700
B100247,2022-03-18 00:00:00,50,Business Owner,North,42300,1,724,24700
B100248,2022-07-18 00:00:00,43,Salaried,West,58300,1,767,50400
B100249,2024-07-15 00:00:00,39,Contract,North,30400,2,643,36000
B100250,2025-03-14 00:00:00,52,Salaried,West,41800,2,690,40500
B100251,2024-11-10 00:00:00,50,Salaried,North,65400,4,703,61200
B100252,2024-11-11 00:00:00,49,Self-Employed,East,26000,1,738,20300
B100253,2024-02-11 00:00:00,65,Contract,South,41300,0,718,47000
B100254,2025-06-25 00:00:00,49,Business Owner,West,36200,1,609,43400
B100255,2025-07-07 00:00:00,50,Salaried,North,58600,2,709,73000
B100256,2023-08-10 00:00:00,36,Salaried,South,71200,3,820,22300
B100257,2024-01-10 00:00:00,60,Contract,North,76800,1,730,92900
B100258,2022-11-30 00:00:00,39,Salaried,South,86200,2,796,148700
B100259,2021-04-23 00:00:00,38,Business Owner,South,102000,1,758,108700
B100260,2021-01-02 00:00:00,21,Business Owner,North,72300,2,779,97200
B100261,2022-10-04 00:00:00,34,Salaried,West,128600,3,710,140300
B100262,2021-08-08 00:00:00,22,Salaried,West,58000,1,724,90900
B100263,2025-05-09 00:00:00,48,Salaried,East,50900,1,707,85900
B100264,2023-05-05 00:00:00,50,Salaried,South,72300,4,690,35800
B100265,2025-10-26 00:00:00,58,Business Owner,East,49900,3,738,44900
B100266,2024-06-02 00:00:00,24,Salaried,East,126600,2,656,104800
B100267,2022-01-20 00:00:00,21,Business Owner,North,91500,2,813,77600
B100268,2024-11-27 00:00:00,28,Salaried,North,77100,1,630,30900
B100269,2025-07-20 00:00:00,49,Contract,North,58400,2,743,87700
B100270,2024-02-28 00:00:00,59,Salaried,South,45800,3,780,11800
B100271,2023-12-13 00:00:00,23,Salaried,North,75400,2,679,78800
B100272,2025-09-04 00:00:00,52,Salaried,North,33100,1,618,41700
B100273,2022-12-31 00:00:00,30,Self-Employed,South,109700,1,765,58400
B100274,2025-08-23 00:00:00,30,Self-Employed,South,50800,1,703,83800
B100275,2025-09-30 00:00:00,39,Business Owner,West,63100,0,743,97300
B100276,2024-12-10 00:00:00,54,Salaried,North,36500,0,683,34800
B100277,2021-09-04 00:00:00,53,Salaried,North,76100,1,803,65300
B100278,2023-04-16 00:00:00,43,Salaried,North,44800,0,552,25900
B100279,2025-01-02 00:00:00,48,Salaried,West,73700,0,714,100800
B100280,2021-07-22 00:00:00,52,Salaried,North,77300,2,777,31800
B100281,2024-04-22 00:00:00,27,Contract,West,41100,0,697,53000
B100282,2021-05-03 00:00:00,49,Contract,East,33200,0,710,51400
B100283,2022-02-05 00:00:00,28,Contract,West,109600,1,662,62000
B100284,2023-02-06 00:00:00,21,Business Owner,East,50400,1,691,79900
B100285,2021-10-21 00:00:00,23,Salaried,North,60900,2,581,15400
B100286,2021-10-07 00:00:00,44,Salaried,East,68400,0,643,113600
B100287,2023-06-03 00:00:00,43,Salaried,West,31300,2,639,12200
B100288,2025-06-22 00:00:00,28,Business Owner,South,67700,3,733,83500
B100289,2021-07-17 00:00:00,57,Salaried,East,57500,2,653,34500
B100290,2023-09-09 00:00:00,23,Salaried,East,41200,2,655,63400
B100291,2025-03-15 00:00:00,53,Salaried,North,32700,3,665,33300
B100292,2023-01-22 00:00:00,48,Salaried,West,72200,2,641,30100
B100293,2021-05-24 00:00:00,28,Business Owner,East,91400,0,707,101800
B100294,2022-09-01 00:00:00,54,Business Owner,East,59600,1,715,50800
B100295,2024-05-09 00:00:00,55,Salaried,East,28800,3,744,36200
B100296,2024-02-22 00:00:00,52,Contract,East,34200,1,732,55100
B100297,2021-07-06 00:00:00,44,Self-Employed,South,45300,0,726,38700
B100298,2024-09-11 00:00:00,34,Salaried,West,111200,2,669,73800
B100299,2022-04-09 00:00:00,52,Salaried,North,49200,3,664,11000
B100300,2024-10-04 00:00:00,63,Salaried,North,44500,0,633,49800
B100301,2025-11-30 00:00:00,36,Salaried,South,25900,2,632,21900
B100302,2022-10-22 00:00:00,24,Contract,West,40900,0,703,32700
B100303,2023-02-03 00:00:00,57,Salaried,East,31600,2,643,15600
B100304,2023-08-13 00:00:00,41,Business Owner,South,35000,1,785,31100
B100305,2022-02-07 00:00:00,34,Salaried,West,58100,1,688,103100
B100306,2024-10-01 00:00:00,51,Salaried,East,45900,3,788,31000
B100307,2025-03-15 00:00:00,38,Salaried,South,118200,1,727,137100
B100308,2021-05-27 00:00:00,27,Salaried,West,89300,2,639,128800
B100309,2024-03-17 00:00:00,30,Salaried,North,41800,1,686,58500
B100310,2023-05-14 00:00:00,27,Contract,North,36400,1,581,26400
B100311,2025-10-01 00:00:00,53,Salaried,West,102500,2,702,120700
B100312,2022-05-04 00:00:00,43,Self-Employed,North,116100,0,645,185100
B100313,2023-07-18 00:00:00,41,Salaried,West,20500,1,618,4600
B100314,2025-07-22 00:00:00,39,Salaried,East,57300,1,789,51400
B100315,2022-07-05 00:00:00,39,Salaried,West,49100,2,757,27400
B100316,2021-12-04 00:00:00,56,Self-Employed,East,73700,4,755,60600
B100317,2023-05-22 00:00:00,49,Salaried,South,131800,4,741,114100
B100318,2022-10-03 00:00:00,38,Salaried,West,44200,1,610,61600
B100319,2022-04-18 00:00:00,22,Salaried,South,21800,1,664,7600
B100320,2021-05-31 00:00:00,21,Salaried,North,71400,1,668,72800
B100321,2024-12-09 00:00:00,25,Salaried,East,102800,3,579,113400
B100322,2024-08-14 00:00:00,40,Salaried,West,48000,1,654,47600
B100323,2025-06-23 00:00:00,31,Contract,South,40000,4,655,54800
B100324,2021-09-20 00:00:00,62,Self-Employed,East,45200,1,698,36800
B100325,2025-11-23 00:00:00,22,Salaried,East,80600,4,850,138000
B100326,2021-05-24 00:00:00,23,Salaried,North,44800,3,689,43500
B100327,2021-12-12 00:00:00,43,Contract,North,63800,3,698,71100
B100328,2022-09-16 00:00:00,32,Self-Employed,East,55700,1,674,84700
B100329,2023-10-14 00:00:00,40,Salaried,East,53200,0,738,34100
B100330,2025-05-15 00:00:00,25,Business Owner,West,75400,1,620,24200
B100331,2023-05-31 00:00:00,57,Salaried,East,44300,1,813,59000
B100332,2021-01-02 00:00:00,58,Salaried,West,45300,0,682,44100
B100333,2023-06-16 00:00:00,50,Self-Employed,East,78700,2,664,128600
B100334,2024-08-20 00:00:00,29,Salaried,North,35300,1,753,62600
B100335,2021-09-11 00:00:00,54,Contract,West,37000,2,632,31000
B100336,2025-08-03 00:00:00,64,Self-Employed,South,31200,2,737,27000
B100337,2022-03-29 00:00:00,55,Salaried,North,80600,0,781,68700
B100338,2023-11-27 00:00:00,42,Salaried,West,52500,4,674,37800
B100339,2024-03-29 00:00:00,64,Salaried,West,30500,0,823,44200
B100340,2023-10-12 00:00:00,44,Salaried,South,80800,1,732,114300
B100341,2021-01-09 00:00:00,37,Self-Employed,West,42800,2,733,41300
B100342,2024-06-10 00:00:00,30,Salaried,East,37200,3,779,10100
B100343,2024-01-28 00:00:00,50,Salaried,South,50400,0,796,35000
B100344,2025-08-10 00:00:00,43,Self-Employed,North,107000,1,707,71400
B100345,2023-03-27 00:00:00,52,Salaried,North,46000,2,742,68900
B100346,2021-07-27 00:00:00,37,Self-Employed,East,71300,1,781,24300
B100347,2024-02-29 00:00:00,37,Salaried,North,76300,2,614,113600
B100348,2022-02-08 00:00:00,34,Contract,West,67100,3,578,85300
B100349,2021-06-01 00:00:00,29,Salaried,West,97400,4,686,133600
B100350,2021-02-23 00:00:00,60,Salaried,East,40000,0,576,35700
B100351,2024-02-18 00:00:00,22,Salaried,North,34400,1,670,44300
B100352,2025-08-24 00:00:00,65,Salaried,North,34100,1,710,40000
B100353,2022-09-20 00:00:00,45,Self-Employed,East,51500,1,672,73700
B100354,2022-08-10 00:00:00,59,Self-Employed,South,35900,1,681,32800
B100355,2025-07-07 00:00:00,29,Self-Employed,North,58800,1,625,56200
B100356,2024-12-14 00:00:00,42,Salaried,South,56900,4,741,70000
B100357,2024-12-16 00:00:00,63,Salaried,North,87000,3,621,32400
B100358,2021-04-14 00:00:00,24,Salaried,North,62700,0,553,56300
B100359,2021-09-11 00:00:00,46,Salaried,North,45600,1,677,80000
B100360,2024-06-04 00:00:00,49,Business Owner,North,66200,1,749,17200
B100361,2024-02-10 00:00:00,65,Salaried,West,34600,1,695,24400
B100362,2022-05-25 00:00:00,54,Salaried,South,54100,2,614,38000
B100363,2025-02-05 00:00:00,43,Salaried,South,63500,2,697,77100
B100364,2021-04-09 00:00:00,57,Business Owner,North,58300,3,718,21500
B100365,2021-06-02 00:00:00,31,Self-Employed,North,66300,2,696,79900
B100366,2023-07-03 00:00:00,26,Business Owner,South,41200,2,673,14500
B100367,2023-05-28 00:00:00,38,Salaried,West,92400,2,722,32500
B100368,2021-12-04 00:00:00,41,Salaried,East,124900,1,577,170500
B100369,2025-09-26 00:00:00,62,Business Owner,East,26700,2,632,19200
B100370,2023-04-02 00:00:00,56,Self-Employed,South,31800,2,605,56100
B100371,2024-04-01 00:00:00,61,Salaried,North,56100,0,778,14600
B100372,2025-10-10 00:00:00,58,Self-Employed,North,49000,1,736,44700
B100373,2023-08-15 00:00:00,54,Business Owner,West,129100,1,702,49200
B100374,2025-09-01 00:00:00,37,Self-Employed,East,60700,3,596,46300
B100375,2021-06-10 00:00:00,57,Self-Employed,West,102900,1,738,184900
B100376,2025-05-23 00:00:00,45,Salaried,East,21900,1,780,35500
B100377,2023-03-12 00:00:00,58,Salaried,South,79300,1,727,22000
B100378,2022-02-02 00:00:00,32,Salaried,East,39900,2,688,43900
B100379,2024-07-24 00:00:00,43,Business Owner,West,39600,0,731,49000
B100380,2023-03-27 00:00:00,62,Business Owner,West,49200,4,708,26300
B100381,2025-03-08 00:00:00,42,Business Owner,West,29000,3,750,12500
B100382,2024-11-16 00:00:00,41,Salaried,South,67100,2,749,110500
B100383,2024-03-04 00:00:00,47,Self-Employed,East,59900,2,676,104800
B100384,2024-05-03 00:00:00,51,Self-Employed,East,62000,0,647,110800
B100385,2022-02-05 00:00:00,26,Self-Employed,West,82000,1,664,120000
B100386,2022-10-02 00:00:00,47,Self-Employed,East,108700,3,725,137100
B100387,2023-11-23 00:00:00,60,Business Owner,North,46700,0,668,35200
B100388,2022-11-19 00:00:00,54,Salaried,North,68200,1,641,32300
B100389,2022-04-05 00:00:00,32,Salaried,North,62800,2,690,20500
B100390,2023-08-13 00:00:00,65,Salaried,East,65200,1,762,85400
B100391,2022-04-15 00:00:00,27,Salaried,South,65600,3,699,95500
B100392,2024-10-30 00:00:00,30,Self-Employed,South,112500,0,672,171300
B100393,2023-11-12 00:00:00,65,Business Owner,South,44700,3,711,74300
B100394,2023-01-20 00:00:00,37,Salaried,South,27700,2,695,44500
B100395,2025-08-21 00:00:00,46,Salaried,North,40200,2,564,72300
B100396,2021-02-07 00:00:00,41,Self-Employed,North,77300,1,735,45600
B100397,2021-08-18 00:00:00,48,Salaried,West,55600,2,716,79000
B100398,2024-10-20 00:00:00,22,Salaried,East,44600,3,691,50800
B100399,2022-07-17 00:00:00,63,Salaried,East,33900,1,759,20900
B100400,2022-03-14 00:00:00,21,Salaried,South,60800,1,769,107700
B100401,2025-12-05 00:00:00,56,Salaried,North,73500,2,742,120300
B100402,2024-07-30 00:00:00,46,Salaried,South,63100,2,635,25600
B100403,2021-01-27 00:00:00,49,Salaried,West,49100,1,637,11900
B100404,2021-08-14 00:00:00,41,Business Owner,East,58800,3,763,76500
B100405,2024-07-24 00:00:00,31,Salaried,East,58600,1,568,68400
B100406,2023-03-09 00:00:00,60,Self-Employed,South,59900,1,680,101700
B100407,2025-06-21 00:00:00,31,Salaried,West,32300,2,719,18600
B100408,2021-10-11 00:00:00,56,Salaried,East,60100,2,576,20100
B100409,2023-05-29 00:00:00,59,Self-Employed,West,45100,3,705,27700
B100410,2023-08-18 00:00:00,60,Salaried,West,87800,4,752,20200
B100411,2025-02-13 00:00:00,55,Salaried,South,58400,1,593,15000
B100412,2022-03-29 00:00:00,54,Self-Employed,North,80100,0,798,133300
B100413,2023-10-17 00:00:00,44,Self-Employed,South,48000,0,624,36600
B100414,2023-03-27 00:00:00,42,Salaried,North,48800,2,727,41800
B100415,2022-10-21 00:00:00,25,Salaried,West,107700,3,685,24700
B100416,2025-03-20 00:00:00,53,Self-Employed,North,66900,1,695,42300
B100417,2022-07-01 00:00:00,56,Salaried,West,39900,0,607,59400
B100418,2024-04-30 00:00:00,40,Self-Employed,East,82300,0,772,97500
B100419,2023-12-09 00:00:00,39,Self-Employed,East,43300,3,711,60900
B100420,2025-03-16 00:00:00,55,Contract,East,60900,1,795,55800
B100421,2021-01-17 00:00:00,63,Salaried,South,125700,1,608,87400
B100422,2024-04-10 00:00:00,37,Business Owner,South,28900,2,678,28100
B100423,2024-05-28 00:00:00,65,Salaried,West,50800,3,704,36400
B100424,2021-06-07 00:00:00,63,Salaried,East,66100,2,694,101900
B100425,2022-04-22 00:00:00,54,Salaried,South,77600,2,733,52500
B100426,2023-12-06 00:00:00,29,Self-Employed,East,31500,0,677,39600
B100427,2024-10-28 00:00:00,46,Salaried,South,27600,2,828,11600
B100428,2022-06-02 00:00:00,22,Salaried,North,89900,2,693,116800
B100429,2021-04-09 00:00:00,29,Salaried,North,39800,4,503,66100
B100430,2025-11-04 00:00:00,29,Business Owner,East,39000,1,695,45800
B100431,2023-11-27 00:00:00,60,Self-Employed,West,110500,0,772,121100
B100432,2021-10-07 00:00:00,37,Self-Employed,South,56800,0,630,98700
B100433,2024-10-04 00:00:00,21,Salaried,South,56900,1,626,68500
B100434,2022-05-12 00:00:00,45,Salaried,North,50700,3,635,31200
B100435,2021-10-29 00:00:00,63,Self-Employed,North,31700,0,620,21200
B100436,2021-06-30 00:00:00,60,Salaried,West,74500,1,659,99000
B100437,2022-08-30 00:00:00,62,Salaried,West,66100,1,749,91000
B100438,2024-01-28 00:00:00,45,Self-Employed,West,59300,0,789,40700
B100439,2022-12-01 00:00:00,59,Contract,East,52200,1,532,39300
B100440,2023-09-20 00:00:00,55,Self-Employed,North,48200,1,665,86100
B100441,2024-02-14 00:00:00,23,Self-Employed,East,82900,1,710,30100
B100442,2021-07-10 00:00:00,57,Contract,North,51600,2,703,43700
B100443,2021-09-10 00:00:00,64,Salaried,North,53400,2,813,16000
B100444,2023-09-08 00:00:00,64,Salaried,South,69800,0,559,105700
B100445,2023-07-17 00:00:00,50,Contract,North,60400,4,522,21000
B100446,2024-03-30 00:00:00,58,Salaried,North,115200,2,824,147300
B100447,2024-07-03 00:00:00,54,Self-Employed,East,24900,3,739,7200
B100448,2024-09-08 00:00:00,32,Self-Employed,North,62900,0,653,80300
B100449,2021-05-08 00:00:00,39,Self-Employed,East,40000,0,701,62000
B100450,2021-01-18 00:00:00,57,Self-Employed,West,36000,0,706,30200
B100451,2025-10-25 00:00:00,64,Contract,North,44800,0,651,46400
B100452,2022-07-20 00:00:00,37,Business Owner,North,56400,1,699,47500
B100453,2022-07-24 00:00:00,30,Salaried,East,57500,3,713,39100
B100454,2024-09-08 00:00:00,32,Business Owner,West,27800,1,821,41300
B100455,2022-11-17 00:00:00,36,Salaried,South,43100,1,753,27400
B100456,2022-09-18 00:00:00,44,Salaried,West,62400,2,803,84700
B100457,2024-08-04 00:00:00,39,Salaried,East,37100,0,603,19700
B100458,2023-05-04 00:00:00,28,Salaried,West,33300,2,667,20000
B100459,2025-08-14 00:00:00,51,Salaried,East,19900,2,706,14700
B100460,2023-08-20 00:00:00,41,Contract,East,40800,3,565,46600
B100461,2025-07-21 00:00:00,37,Self-Employed,South,32800,4,767,30400
B100462,2021-06-04 00:00:00,43,Self-Employed,North,35300,1,732,49100
B100463,2022-05-05 00:00:00,57,Salaried,East,48700,2,666,26400
B100464,2024-11-10 00:00:00,36,Contract,East,42000,3,678,9100
B100465,2023-02-24 00:00:00,26,Contract,South,32500,3,772,46900
B100466,2024-02-02 00:00:00,28,Business Owner,East,21200,2,638,32100
B100467,2024-11-17 00:00:00,45,Salaried,North,63000,4,774,18600
B100468,2021-09-03 00:00:00,38,Salaried,South,77200,0,674,90900
B100469,2024-04-14 00:00:00,45,Salaried,North,46000,3,739,37000
B100470,2023-11-29 00:00:00,32,Salaried,North,48800,0,696,71700
B100471,2025-02-09 00:00:00,35,Salaried,South,55100,2,835,88100
B100472,2025-09-02 00:00:00,46,Contract,East,111900,3,632,174700
B100473,2023-01-29 00:00:00,61,Salaried,North,27200,1,653,39300
B100474,2022-06-22 00:00:00,65,Salaried,North,45600,1,592,28800
B100475,2023-07-10 00:00:00,46,Salaried,North,25300,1,619,37900
B100476,2022-02-12 00:00:00,52,Salaried,North,64700,4,736,68200
B100477,2022-06-09 00:00:00,30,Salaried,South,51500,3,794,14600
B100478,2023-04-08 00:00:00,36,Salaried,South,60300,2,744,56100
B100479,2025-03-10 00:00:00,27,Salaried,West,58900,2,690,100600
B100480,2023-06-22 00:00:00,37,Business Owner,West,85900,3,632,139200
B100481,2021-02-05 00:00:00,43,Contract,North,70100,1,748,25500
B100482,2022-11-16 00:00:00,46,Salaried,East,79900,1,628,111100
B100483,2021-01-20 00:00:00,41,Salaried,North,34100,2,602,50800
B100484,2021-11-17 00:00:00,42,Business Owner,East,94100,1,670,59700
B100485,2025-12-05 00:00:00,27,Salaried,North,39700,0,558,37900
B100486,2022-05-27 00:00:00,34,Salaried,West,40800,0,600,54600
B100487,2022-02-04 00:00:00,35,Business Owner,West,62100,0,813,56000
B100488,2022-10-16 00:00:00,27,Salaried,East,63000,3,588,24000
B100489,2023-08-30 00:00:00,29,Self-Employed,North,34000,1,613,45200
B100490,2022-04-16 00:00:00,28,Salaried,East,50900,2,695,84400
B100491,2024-03-12 00:00:00,43,Salaried,West,107500,1,698,133700
B100492,2024-01-21 00:00:00,49,Salaried,North,28400,1,675,40800
B100493,2024-10-09 00:00:00,38,Self-Employed,North,107300,1,560,83000
B100494,2023-04-14 00:00:00,51,Salaried,East,49300,3,745,24300
B100495,2022-12-28 00:00:00,50,Salaried,South,19200,2,661,23600
B100496,2023-05-04 00:00:00,59,Self-Employed,East,29700,3,769,21500
B100497,2021-02-20 00:00:00,55,Salaried,West,35700,2,648,56300
B100498,2025-08-16 00:00:00,38,Salaried,West,41500,2,754,16400
B100499,2025-09-18 00:00:00,62,Business Owner,West,52500,2,774,46900
B100500,2022-07-29 00:00:00,59,Salaried,West,18000,4,660,15000
B100501,2024-04-28 00:00:00,37,Business Owner,West,59800,3,747,101700
B100502,2024-02-23 00:00:00,34,Business Owner,South,34200,0,604,15200
B100503,2021-05-30 00:00:00,51,Self-Employed,North,102800,2,707,22200
B100504,2021-11-10 00:00:00,44,Salaried,East,48700,2,769,28300
B100505,2022-07-24 00:00:00,55,Contract,East,84100,2,724,127200
B100506,2024-09-27 00:00:00,64,Salaried,West,90600,1,846,48500
B100507,2021-11-01 00:00:00,65,Self-Employed,East,89600,3,727,52500
B100508,2025-09-12 00:00:00,54,Salaried,West,42600,4,666,17400
B100509,2022-11-13 00:00:00,23,Salaried,South,42400,1,850,57000
B100510,2023-04-18 00:00:00,57,Salaried,South,49700,3,796,15400
B100511,2023-12-14 00:00:00,63,Contract,North,73200,0,586,53400
B100512,2023-09-30 00:00:00,60,Contract,South,43700,0,639,28500
B100513,2022-03-20 00:00:00,46,Salaried,South,52100,0,623,56700
B100514,2022-09-05 00:00:00,43,Salaried,North,62200,0,732,85100
B100515,2023-09-20 00:00:00,64,Self-Employed,East,36600,3,727,38500
B100516,2021-09-21 00:00:00,59,Salaried,West,35600,0,727,60200
B100517,2023-12-13 00:00:00,35,Salaried,West,51200,1,584,88200
B100518,2025-05-15 00:00:00,24,Self-Employed,East,54400,0,649,42300
B100519,2023-10-01 00:00:00,49,Salaried,North,66900,1,680,96600
B100520,2025-07-02 00:00:00,42,Contract,East,74400,0,572,102800
B100521,2021-01-05 00:00:00,45,Salaried,South,33500,2,633,54600
B100522,2024-02-01 00:00:00,33,Salaried,North,38200,0,778,35000
B100523,2024-05-04 00:00:00,38,Salaried,North,35500,3,589,37200
B100524,2023-02-13 00:00:00,53,Business Owner,North,103800,3,785,89800
B100525,2023-05-27 00:00:00,36,Salaried,West,52100,0,761,81300
B100526,2023-09-19 00:00:00,65,Self-Employed,East,55400,3,671,31400
B100527,2023-06-03 00:00:00,62,Salaried,North,56400,0,648,32900
B100528,2024-10-05 00:00:00,64,Business Owner,North,39900,1,744,31800
B100529,2021-02-16 00:00:00,22,Salaried,North,111200,0,639,63200
B100530,2023-05-17 00:00:00,55,Salaried,East,66200,1,642,72700
B100531,2023-04-03 00:00:00,62,Self-Employed,West,56000,2,688,23300
B100532,2023-07-25 00:00:00,54,Salaried,South,33400,3,552,23800
B100533,2022-10-18 00:00:00,50,Salaried,West,32600,1,596,54200
B100534,2021-09-26 00:00:00,33,Business Owner,North,47900,2,669,40900
B100535,2022-01-05 00:00:00,33,Salaried,West,40100,0,721,56000
B100536,2022-09-28 00:00:00,38,Self-Employed,West,34000,2,638,13000
B100537,2024-02-04 00:00:00,52,Salaried,South,46500,1,677,27700
B100538,2025-08-21 00:00:00,52,Business Owner,East,49900,0,585,74400
B100539,2025-08-10 00:00:00,55,Salaried,East,58600,0,751,83300
B100540,2022-10-19 00:00:00,59,Salaried,West,43800,0,704,35800
B100541,2021-04-30 00:00:00,49,Contract,West,34900,2,710,60300
B100542,2023-04-11 00:00:00,49,Business Owner,East,35500,3,722,58800
B100543,2025-06-16 00:00:00,64,Salaried,East,94900,0,695,165100
B100544,2023-12-18 00:00:00,36,Salaried,South,31300,2,659,27700
B100545,2024-10-01 00:00:00,64,Business Owner,North,64800,2,763,33400
B100546,2023-01-11 00:00:00,30,Salaried,West,69500,3,700,83600
B100547,2025-02-06 00:00:00,50,Self-Employed,East,52100,1,679,67500
B100548,2021-04-27 00:00:00,45,Self-Employed,West,121900,1,689,48800
B100549,2023-03-02 00:00:00,59,Salaried,West,68900,3,688,100500
B100550,2024-02-25 00:00:00,40,Salaried,East,126000,2,679,28800
B100551,2024-11-17 00:00:00,25,Self-Employed,South,41000,1,719,39900
B100552,2023-10-10 00:00:00,21,Salaried,West,41300,0,629,30100
B100553,2025-07-23 00:00:00,50,Salaried,South,69700,1,634,96500
B100554,2023-12-18 00:00:00,23,Contract,East,48900,2,726,34300
B100555,2022-09-26 00:00:00,65,Salaried,North,117400,2,681,178800
B100556,2022-05-28 00:00:00,34,Self-Employed,North,64100,0,753,73800
B100557,2025-11-10 00:00:00,50,Salaried,West,34400,2,717,50600
B100558,2023-03-13 00:00:00,24,Salaried,East,25200,2,654,44900
B100559,2024-01-25 00:00:00,38,Salaried,South,53100,2,727,68300
B100560,2025-07-20 00:00:00,57,Salaried,West,52800,2,768,93800
B100561,2024-02-16 00:00:00,45,Salaried,East,63300,3,719,15600
B100562,2022-07-14 00:00:00,21,Salaried,East,94800,1,733,70200
B100563,2025-06-13 00:00:00,35,Business Owner,South,89400,3,679,33300
B100564,2022-05-03 00:00:00,29,Salaried,West,42400,0,755,26300
B100565,2024-06-14 00:00:00,35,Salaried,East,30700,0,652,47300
B100566,2023-06-16 00:00:00,44,Salaried,East,31600,1,712,8000
B100567,2024-07-19 00:00:00,24,Salaried,East,39500,0,850,40800
B100568,2024-04-27 00:00:00,32,Salaried,South,46600,1,725,51600
B100569,2022-12-05 00:00:00,57,Salaried,West,63100,0,663,69300
B100570,2025-01-10 00:00:00,57,Salaried,West,38400,3,662,36900
B100571,2022-08-04 00:00:00,63,Salaried,West,62400,0,685,91400
B100572,2023-03-01 00:00:00,26,Salaried,West,64700,2,745,26800
B100573,2023-05-11 00:00:00,59,Self-Employed,North,58700,0,699,40900
B100574,2021-09-04 00:00:00,44,Salaried,North,33100,4,648,39200
B100575,2024-01-05 00:00:00,31,Salaried,West,67900,2,648,88600
B100576,2021-06-03 00:00:00,33,Self-Employed,South,140300,0,700,118800
B100577,2025-08-07 00:00:00,54,Salaried,North,61400,3,693,98300
B100578,2024-12-29 00:00:00,45,Business Owner,East,18000,2,720,15600
B100579,2023-09-24 00:00:00,27,Salaried,North,96100,3,750,81200
B100580,2024-01-15 00:00:00,24,Salaried,East,40100,2,850,10300
B100581,2022-11-28 00:00:00,28,Salaried,West,152500,2,595,165000
B100582,2024-08-01 00:00:00,40,Salaried,North,58000,3,735,77400
B100583,2024-05-28 00:00:00,49,Self-Employed,South,25800,1,696,9900
B100584,2023-12-29 00:00:00,65,Salaried,North,21700,0,570,14900
B100585,2023-12-07 00:00:00,30,Business Owner,North,110000,3,771,159500
B100586,2023-10-06 00:00:00,63,Salaried,North,90500,1,717,71100
B100587,2021-04-04 00:00:00,54,Salaried,West,149800,2,742,87900
B100588,2025-11-09 00:00:00,46,Self-Employed,South,55300,0,580,70500
B100589,2023-08-16 00:00:00,61,Salaried,North,53600,2,676,27600
B100590,2023-10-09 00:00:00,23,Salaried,South,46300,4,620,75600
B100591,2022-03-29 00:00:00,26,Self-Employed,West,40900,1,831,15100
B100592,2024-05-12 00:00:00,25,Business Owner,East,46100,1,764,61300
B100593,2023-07-01 00:00:00,25,Salaried,North,60700,2,646,60700
B100594,2021-08-06 00:00:00,43,Business Owner,South,37600,3,590,59900
B100595,2022-04-19 00:00:00,29,Contract,South,25900,1,703,10400
B100596,2022-03-08 00:00:00,55,Business Owner,West,59100,1,761,75900
B100597,2021-12-07 00:00:00,40,Salaried,North,37200,3,577,41500
B100598,2022-07-05 00:00:00,62,Self-Employed,East,18000,2,629,17400
B100599,2025-06-24 00:00:00,55,Salaried,South,70500,0,618,69500
B100600,2024-08-05 00:00:00,38,Contract,North,33400,0,746,45300
B100601,2024-07-01 00:00:00,37,Salaried,East,74100,2,666,126000
B100602,2025-10-24 00:00:00,44,Salaried,South,73300,1,669,25400
B100603,2021-12-23 00:00:00,23,Self-Employed,South,62500,1,701,14500
B100604,2021-01-23 00:00:00,52,Salaried,East,169200,3,633,252000
B100605,2025-11-21 00:00:00,55,Contract,East,51700,0,596,19300
B100606,2022-06-06 00:00:00,58,Contract,West,48400,2,779,86100
B100607,2025-11-17 00:00:00,33,Self-Employed,North,74800,1,785,89100
B100608,2024-01-29 00:00:00,45,Salaried,North,53600,3,702,66500
B100609,2023-03-13 00:00:00,29,Self-Employed,West,92700,2,706,48000
B100610,2024-04-18 00:00:00,24,Salaried,South,31100,0,772,18200
B100611,2024-05-31 00:00:00,34,Salaried,East,31300,2,700,39300
B100612,2023-02-01 00:00:00,57,Business Owner,East,77600,0,663,128500
B100613,2025-08-10 00:00:00,54,Salaried,East,32600,3,693,57800
B100614,2022-03-18 00:00:00,31,Salaried,South,72300,3,781,37400
B100615,2025-06-20 00:00:00,61,Contract,East,65000,1,693,26900
B100616,2023-02-08 00:00:00,23,Salaried,East,40200,1,646,11700
B100617,2023-10-13 00:00:00,48,Salaried,West,64900,1,700,103100
B100618,2024-09-10 00:00:00,49,Contract,South,31600,2,733,21200
B100619,2022-05-31 00:00:00,29,Salaried,North,35100,1,725,7100
B100620,2023-11-06 00:00:00,23,Self-Employed,West,49400,1,726,27600
B100621,2023-03-03 00:00:00,45,Contract,West,57000,1,636,42400
B100622,2021-12-02 00:00:00,54,Contract,North,48000,0,740,85700
B100623,2025-11-18 00:00:00,32,Self-Employed,West,66800,2,692,69300
B100624,2021-09-15 00:00:00,62,Salaried,South,65500,0,644,34600
B100625,2022-05-12 00:00:00,29,Salaried,East,109500,2,740,80600
B100626,2023-06-15 00:00:00,35,Business Owner,South,52700,0,661,38400
B100627,2021-06-09 00:00:00,60,Business Owner,North,94100,1,588,21800
B100628,2025-02-07 00:00:00,45,Salaried,North,83200,2,625,34600
B100629,2023-05-02 00:00:00,25,Salaried,West,154400,4,678,202600
B100630,2025-08-15 00:00:00,31,Salaried,South,51900,3,728,20400
B100631,2022-11-21 00:00:00,54,Salaried,South,45500,1,634,25900
B100632,2025-08-26 00:00:00,44,Self-Employed,North,96900,0,674,73800
B100633,2022-01-15 00:00:00,35,Salaried,South,65400,3,611,92400
B100634,2025-04-18 00:00:00,58,Contract,North,97900,1,754,110800
B100635,2023-08-15 00:00:00,28,Self-Employed,South,75900,0,802,98900
B100636,2022-11-22 00:00:00,25,Salaried,South,21300,3,795,23600
B100637,2024-12-21 00:00:00,46,Self-Employed,South,65100,3,753,84200
B100638,2025-06-25 00:00:00,38,Salaried,North,63300,4,746,12900
B100639,2024-07-15 00:00:00,26,Salaried,West,58400,3,555,98700
B100640,2025-05-20 00:00:00,57,Self-Employed,South,51800,3,702,19600
B100641,2024-12-11 00:00:00,33,Business Owner,North,26900,0,658,22900
B100642,2024-04-06 00:00:00,48,Business Owner,North,81500,0,747,116800
B100643,2023-12-03 00:00:00,25,Salaried,South,65100,2,525,58400
B100644,2025-04-29 00:00:00,33,Salaried,South,90300,2,703,154900
B100645,2021-10-12 00:00:00,37,Self-Employed,West,27500,1,676,26100
B100646,2022-02-01 00:00:00,60,Salaried,North,69100,1,763,110600
B100647,2021-01-12 00:00:00,65,Salaried,North,49500,1,791,74100
B100648,2025-06-19 00:00:00,52,Salaried,East,58700,2,630,103900
B100649,2024-08-18 00:00:00,49,Self-Employed,North,49700,0,633,83600
B100650,2024-06-30 00:00:00,23,Salaried,West,70200,1,705,114900
B100651,2022-05-14 00:00:00,60,Self-Employed,East,51100,2,803,70000
B100652,2023-01-24 00:00:00,54,Contract,East,34300,2,694,27000
B100653,2021-02-04 00:00:00,60,Salaried,East,57200,0,607,21200
B100654,2022-12-28 00:00:00,47,Salaried,South,49900,2,651,65000
B100655,2023-04-29 00:00:00,33,Salaried,South,53000,2,703,93600
B100656,2021-03-31 00:00:00,65,Business Owner,North,18000,1,706,24500
B100657,2023-02-15 00:00:00,53,Salaried,East,74800,0,644,126100
B100658,2022-08-28 00:00:00,26,Salaried,West,47700,1,649,70900
B100659,2023-08-28 00:00:00,44,Salaried,South,30000,1,626,13800
B100660,2025-06-14 00:00:00,39,Self-Employed,West,83300,3,764,49900
B100661,2023-10-19 00:00:00,36,Salaried,West,73200,0,636,54700
B100662,2022-02-22 00:00:00,60,Self-Employed,South,47500,2,660,22300
B100663,2021-04-25 00:00:00,48,Contract,South,32700,0,658,37000
B100664,2022-09-09 00:00:00,53,Salaried,South,59600,1,586,104900
B100665,2024-05-04 00:00:00,61,Business Owner,South,58100,2,634,82400
B100666,2023-04-06 00:00:00,33,Salaried,East,83400,1,770,73200
B100667,2025-03-05 00:00:00,63,Business Owner,East,45000,1,611,9300
B100668,2025-07-08 00:00:00,65,Self-Employed,East,94200,0,627,66100
B100669,2025-02-25 00:00:00,45,Business Owner,East,43100,1,603,44900
B100670,2024-01-04 00:00:00,62,Salaried,North,30000,2,684,21600
B100671,2022-02-17 00:00:00,56,Salaried,East,33000,1,813,12500
B100672,2024-10-31 00:00:00,47,Salaried,South,53500,3,681,48600
B100673,2024-12-14 00:00:00,58,Salaried,West,53400,2,694,32300
B100674,2022-12-30 00:00:00,27,Salaried,East,63700,1,638,105400
B100675,2024-07-24 00:00:00,25,Salaried,North,52800,0,686,19200
B100676,2023-10-18 00:00:00,63,Salaried,South,85400,2,770,23800
B100677,2023-01-31 00:00:00,65,Salaried,West,48900,3,699,10200
B100678,2022-11-07 00:00:00,51,Business Owner,West,22400,1,829,16200
B100679,2024-11-18 00:00:00,43,Salaried,East,52100,3,772,65500
B100680,2022-04-02 00:00:00,62,Salaried,West,22300,1,684,30500
B100681,2023-07-09 00:00:00,30,Salaried,East,62100,3,683,57500
B100682,2021-07-11 00:00:00,52,Salaried,East,88500,0,796,114600
B100683,2023-01-09 00:00:00,63,Contract,South,35300,3,699,27400
B100684,2025-09-09 00:00:00,50,Salaried,South,104100,2,782,132000
B100685,2024-01-28 00:00:00,59,Self-Employed,North,80400,1,820,21300
B100686,2025-04-21 00:00:00,51,Contract,South,94700,1,677,78100
B100687,2023-09-05 00:00:00,38,Business Owner,South,59900,1,713,87800
B100688,2023-10-06 00:00:00,56,Self-Employed,East,35200,4,754,52300
B100689,2021-04-06 00:00:00,22,Business Owner,South,78200,1,740,105200
B100690,2025-08-15 00:00:00,34,Contract,East,41500,0,739,21900
B100691,2022-10-25 00:00:00,33,Self-Employed,East,58000,2,603,34500
B100692,2024-04-28 00:00:00,49,Salaried,South,50900,2,635,91300
B100693,2025-10-26 00:00:00,32,Self-Employed,North,91200,2,658,33300
B100694,2021-02-06 00:00:00,59,Salaried,North,76400,2,769,37400
B100695,2024-10-24 00:00:00,22,Self-Employed,West,53000,1,610,21600
B100696,2025-09-15 00:00:00,52,Salaried,West,22900,3,789,16600
B100697,2025-03-29 00:00:00,33,Salaried,South,41300,1,741,22100
B100698,2021-10-06 00:00:00,47,Salaried,North,75500,0,765,75200
B100699,2021-08-05 00:00:00,61,Salaried,East,62400,2,630,60000
B100700,2023-05-17 00:00:00,37,Salaried,West,28000,2,695,46000
B100701,2023-05-23 00:00:00,60,Salaried,East,24400,1,709,6200
B100702,2024-07-20 00:00:00,51,Salaried,West,60100,2,707,42800
B100703,2021-03-03 00:00:00,54,Salaried,South,34200,1,709,39500
B100704,2022-08-19 00:00:00,44,Business Owner,North,35700,1,672,41700
B100705,2022-12-30 00:00:00,65,Salaried,West,74400,3,699,72000
B100706,2024-09-27 00:00:00,55,Salaried,North,94500,0,757,142200
B100707,2022-02-01 00:00:00,26,Self-Employed,East,39200,1,614,11800
B100708,2022-11-30 00:00:00,39,Self-Employed,South,53900,3,791,81100
B100709,2023-11-09 00:00:00,50,Salaried,North,53200,4,754,52800
B100710,2021-06-26 00:00:00,27,Business Owner,South,51100,1,627,21200
B100711,2025-06-24 00:00:00,30,Business Owner,North,56000,2,715,90600
B100712,2022-01-31 00:00:00,61,Salaried,East,77300,2,749,95800
B100713,2022-03-21 00:00:00,52,Salaried,East,40600,3,610,18700
B100714,2024-06-10 00:00:00,54,Contract,South,27700,3,693,7000
B100715,2021-03-17 00:00:00,48,Self-Employed,East,117700,0,685,50100
B100716,2021-09-22 00:00:00,35,Salaried,West,89800,1,648,105400
B100717,2022-03-31 00:00:00,50,Business Owner,North,33500,1,696,16300
B100718,2022-12-19 00:00:00,57,Salaried,East,58500,3,651,32800
B100719,2023-01-05 00:00:00,49,Salaried,West,86700,2,779,20800
B100720,2024-11-08 00:00:00,42,Salaried,South,77000,2,649,104500
B100721,2025-05-07 00:00:00,24,Business Owner,West,67700,4,741,101300
B100722,2023-05-01 00:00:00,40,Salaried,South,50900,0,582,75100
B100723,2025-03-10 00:00:00,52,Self-Employed,South,119700,1,679,48400
B100724,2024-10-22 00:00:00,56,Salaried,North,60700,1,691,99900
B100725,2021-05-24 00:00:00,24,Salaried,North,43600,1,677,55600
B100726,2023-06-04 00:00:00,47,Salaried,West,81400,0,664,133200
B100727,2023-12-29 00:00:00,37,Self-Employed,North,57400,0,647,52500
B100728,2024-01-28 00:00:00,32,Salaried,North,64400,2,739,57900
B100729,2022-01-31 00:00:00,42,Salaried,North,60300,3,755,87800
B100730,2023-11-15 00:00:00,37,Business Owner,West,68800,2,685,24000
B100731,2023-08-06 00:00:00,30,Salaried,East,35400,2,619,36600
B100732,2023-06-10 00:00:00,21,Contract,North,28600,1,807,44000
B100733,2025-02-01 00:00:00,42,Salaried,North,104900,3,633,160300
B100734,2025-02-16 00:00:00,46,Self-Employed,West,61500,2,595,106400
B100735,2025-05-08 00:00:00,38,Salaried,East,77800,2,559,102500
B100736,2024-03-20 00:00:00,34,Contract,North,24900,1,696,13300
B100737,2024-03-13 00:00:00,49,Salaried,South,88900,0,676,20700
B100738,2022-07-23 00:00:00,32,Salaried,West,43500,0,757,42100
B100739,2023-11-29 00:00:00,56,Salaried,North,38300,2,730,39100
B100740,2021-04-19 00:00:00,55,Salaried,North,53500,3,709,31300
B100741,2025-09-13 00:00:00,32,Salaried,South,35400,3,672,14100
B100742,2023-12-02 00:00:00,27,Contract,South,55000,1,762,62600
B100743,2024-04-24 00:00:00,49,Salaried,West,51700,3,811,73600
B100744,2023-07-24 00:00:00,31,Business Owner,West,88600,4,756,158500
B100745,2022-02-02 00:00:00,53,Self-Employed,South,108700,1,660,153600
B100746,2024-05-31 00:00:00,26,Self-Employed,West,107100,1,741,157400
B100747,2022-09-26 00:00:00,35,Salaried,South,19900,3,664,23600
B100748,2024-03-02 00:00:00,52,Salaried,North,36100,1,618,64200
B100749,2024-04-01 00:00:00,31,Business Owner,South,19800,3,632,24200
B100750,2024-05-23 00:00:00,43,Contract,South,32100,4,667,50600
B100751,2023-01-03 00:00:00,46,Salaried,East,41100,2,697,70400
B100752,2021-08-23 00:00:00,54,Salaried,South,66200,3,824,111700
B100753,2022-10-20 00:00:00,54,Salaried,South,43500,2,633,35200
B100754,2023-01-21 00:00:00,49,Contract,East,44100,2,776,14400
B100755,2022-08-11 00:00:00,24,Salaried,West,59700,1,669,28400
B100756,2023-10-30 00:00:00,37,Salaried,East,25500,0,559,7500
B100757,2024-01-03 00:00:00,55,Business Owner,North,37700,1,657,13900
B100758,2023-08-12 00:00:00,33,Salaried,East,43800,2,766,21700
B100759,2022-05-07 00:00:00,61,Salaried,North,50200,0,712,37400
B100760,2023-07-02 00:00:00,59,Self-Employed,West,56900,0,716,60900
B100761,2024-06-30 00:00:00,35,Contract,East,108100,0,776,144700
B100762,2024-06-07 00:00:00,49,Salaried,East,82800,2,623,44500
B100763,2025-03-23 00:00:00,49,Salaried,West,38900,4,622,49600
B100764,2024-04-12 00:00:00,31,Salaried,North,48900,4,543,64900
B100765,2025-08-04 00:00:00,52,Salaried,East,47400,2,747,51800
B100766,2024-04-06 00:00:00,22,Self-Employed,North,43600,3,727,71800
B100767,2021-06-19 00:00:00,34,Salaried,East,62200,2,737,23500
B100768,2024-11-17 00:00:00,40,Salaried,South,23800,2,613,11500
B100769,2023-08-04 00:00:00,42,Salaried,East,81700,2,586,72400
B100770,2023-03-06 00:00:00,31,Self-Employed,West,117900,0,604,47500
B100771,2022-09-26 00:00:00,47,Salaried,West,48700,3,630,53900
B100772,2024-05-02 00:00:00,23,Business Owner,North,48300,1,791,40400
B100773,2025-03-21 00:00:00,37,Salaried,East,59000,1,755,38700
B100774,2021-01-29 00:00:00,64,Business Owner,North,87000,2,660,41100
B100775,2024-04-03 00:00:00,48,Business Owner,North,47500,1,709,35000
B100776,2024-12-16 00:00:00,49,Salaried,South,83700,1,646,98200
B100777,2021-12-05 00:00:00,41,Salaried,South,68500,2,714,76800
B100778,2025-07-30 00:00:00,36,Salaried,West,159200,0,616,73500
B100779,2025-02-28 00:00:00,57,Salaried,North,47400,2,739,19000
B100780,2024-10-20 00:00:00,40,Salaried,West,22600,2,635,5500
B100781,2024-09-27 00:00:00,26,Salaried,East,28900,2,742,6400
B100782,2022-05-15 00:00:00,39,Salaried,North,55300,2,662,88900
B100783,2025-08-08 00:00:00,25,Business Owner,North,87300,2,639,23800
B100784,2022-05-26 00:00:00,23,Salaried,East,41000,2,795,56200
B100785,2024-09-12 00:00:00,21,Business Owner,East,49600,2,702,79100
B100786,2021-08-05 00:00:00,58,Salaried,West,74900,2,669,26700
B100787,2024-08-17 00:00:00,35,Business Owner,West,35600,2,739,32000
B100788,2024-03-01 00:00:00,54,Salaried,East,41800,3,603,72700
B100789,2023-12-30 00:00:00,55,Salaried,West,32500,0,762,49900
B100790,2024-06-29 00:00:00,45,Self-Employed,East,93500,1,681,92000
B100791,2024-12-09 00:00:00,44,Salaried,North,110100,4,729,156400
B100792,2022-03-21 00:00:00,32,Salaried,North,27000,1,589,41400
B100793,2023-05-26 00:00:00,38,Contract,South,51600,0,665,39100
B100794,2024-04-20 00:00:00,35,Salaried,North,103600,2,690,168600
B100795,2021-06-16 00:00:00,64,Salaried,East,65800,0,757,62700
B100796,2021-04-01 00:00:00,36,Self-Employed,West,44100,1,734,46100
B100797,2022-12-15 00:00:00,47,Business Owner,South,27400,4,664,49300
B100798,2025-04-04 00:00:00,28,Self-Employed,West,92400,2,711,143200
B100799,2021-02-08 00:00:00,45,Salaried,East,64700,1,772,50400
B100800,2024-02-24 00:00:00,37,Self-Employed,North,28300,4,677,6100
B100801,2025-01-14 00:00:00,49,Salaried,South,94000,4,670,113000
B100802,2021-06-22 00:00:00,28,Self-Employed,East,26800,1,567,35500
B100803,2022-10-15 00:00:00,35,Contract,South,49800,1,672,61800
B100804,2023-01-24 00:00:00,47,Self-Employed,South,48800,3,577,85300
B100805,2024-05-28 00:00:00,27,Business Owner,North,113900,2,683,180000
B100806,2025-07-20 00:00:00,23,Salaried,East,48900,2,754,44900
B100807,2023-12-18 00:00:00,49,Self-Employed,West,48800,3,552,14700
B100808,2025-08-11 00:00:00,64,Business Owner,South,29800,2,770,28700
B100809,2022-04-21 00:00:00,44,Salaried,South,41200,1,669,53700
B100810,2022-04-01 00:00:00,23,Business Owner,West,38100,2,688,44700
B100811,2023-04-09 00:00:00,40,Salaried,East,39000,1,657,41400
B100812,2023-06-14 00:00:00,35,Self-Employed,South,55200,2,579,52400
B100813,2024-10-16 00:00:00,45,Business Owner,South,18400,2,639,12300
B100814,2023-10-22 00:00:00,50,Self-Employed,South,27900,0,826,18000
B100815,2022-01-22 00:00:00,34,Salaried,East,52300,2,619,52300
B100816,2021-12-14 00:00:00,27,Self-Employed,East,58100,1,587,26500
B100817,2021-07-09 00:00:00,37,Salaried,West,49500,1,699,36900
B100818,2022-05-20 00:00:00,64,Contract,East,54000,2,684,38800
B100819,2024-04-29 00:00:00,40,Salaried,East,45800,1,669,52200
B100820,2025-03-12 00:00:00,56,Salaried,North,54500,3,691,16700
B100821,2024-10-24 00:00:00,29,Self-Employed,West,66900,0,732,102200
B100822,2024-12-03 00:00:00,58,Salaried,South,66700,2,652,73400
B100823,2023-04-04 00:00:00,42,Self-Employed,East,40300,3,703,51300
B100824,2023-07-18 00:00:00,22,Self-Employed,South,83000,2,757,110000
B100825,2023-07-23 00:00:00,44,Business Owner,South,59000,2,625,39300
B100826,2024-02-15 00:00:00,28,Self-Employed,North,95800,4,539,91300
B100827,2021-05-14 00:00:00,31,Salaried,East,104800,1,734,181300
B100828,2021-02-27 00:00:00,33,Salaried,West,28700,0,850,40900
B100829,2025-04-29 00:00:00,37,Salaried,East,37400,1,690,65500
B100830,2022-11-16 00:00:00,28,Salaried,South,79300,0,703,110500
B100831,2022-11-03 00:00:00,41,Salaried,West,26000,4,671,12500
B100832,2021-06-22 00:00:00,38,Self-Employed,East,104200,1,793,31600
B100833,2023-03-26 00:00:00,50,Self-Employed,South,47100,3,685,53000
B100834,2024-03-18 00:00:00,38,Salaried,South,71200,3,678,55000
B100835,2021-03-21 00:00:00,51,Business Owner,North,52200,1,749,33400
B100836,2023-06-05 00:00:00,58,Contract,North,29400,2,659,43900
B100837,2024-05-21 00:00:00,52,Business Owner,North,88400,0,606,69600
B100838,2021-07-22 00:00:00,31,Self-Employed,South,189600,2,747,134100
B100839,2023-02-03 00:00:00,65,Salaried,East,43600,0,652,68000
B100840,2024-06-06 00:00:00,45,Salaried,North,47600,3,627,74000
B100841,2025-08-27 00:00:00,53,Salaried,East,18000,4,827,13900
B100842,2024-06-04 00:00:00,58,Salaried,North,101000,1,678,154700
B100843,2025-08-10 00:00:00,61,Contract,West,82900,1,722,129400
B100844,2025-04-05 00:00:00,28,Business Owner,West,25200,2,692,22100
B100845,2025-01-04 00:00:00,31,Salaried,North,21700,1,632,6600
B100846,2024-11-26 00:00:00,42,Salaried,South,22900,3,735,4600
B100847,2021-02-16 00:00:00,44,Business Owner,North,73500,2,710,76200
B100848,2024-06-10 00:00:00,61,Salaried,North,76900,1,647,57700
B100849,2024-08-21 00:00:00,37,Salaried,South,36300,3,718,65200
B100850,2025-03-30 00:00:00,32,Business Owner,West,68900,2,657,98900
B100851,2024-03-12 00:00:00,52,Salaried,East,59100,3,618,83800
B100852,2024-12-09 00:00:00,35,Salaried,North,46600,3,612,80500
B100853,2025-03-17 00:00:00,36,Salaried,South,85100,0,708,137900
B100854,2024-10-28 00:00:00,42,Business Owner,North,32000,0,665,22700
B100855,2025-05-09 00:00:00,48,Self-Employed,South,92200,4,788,42900
B100856,2024-07-06 00:00:00,40,Salaried,East,39600,3,687,55200
B100857,2022-10-18 00:00:00,53,Salaried,East,122600,0,639,98700
B100858,2022-04-16 00:00:00,30,Salaried,West,35000,3,700,33500
B100859,2023-08-29 00:00:00,60,Salaried,South,47000,1,606,56800
B100860,2023-11-02 00:00:00,52,Self-Employed,South,56500,1,685,93400
B100861,2024-09-15 00:00:00,53,Salaried,West,56300,3,711,49000
B100862,2023-01-06 00:00:00,22,Business Owner,West,68600,0,703,99700
B100863,2023-02-23 00:00:00,53,Salaried,South,30800,4,775,19400
B100864,2023-08-26 00:00:00,53,Salaried,West,54100,1,850,71200
B100865,2021-12-24 00:00:00,61,Salaried,East,58500,2,734,11800
B100866,2023-08-30 00:00:00,33,Salaried,North,43400,1,767,69200
B100867,2024-12-02 00:00:00,50,Salaried,East,66000,2,850,16400
B100868,2022-10-30 00:00:00,53,Salaried,West,30000,2,625,40200
B100869,2022-01-08 00:00:00,33,Salaried,South,47500,0,698,13000
B100870,2023-10-29 00:00:00,46,Self-Employed,South,39200,2,659,24500
B100871,2024-02-20 00:00:00,42,Salaried,East,47600,1,745,47400
B100872,2024-10-03 00:00:00,59,Self-Employed,South,105500,0,708,92000
B100873,2022-11-07 00:00:00,22,Contract,West,106400,3,637,53900
B100874,2021-03-31 00:00:00,58,Salaried,East,97400,1,691,71500
B100875,2025-07-30 00:00:00,59,Salaried,South,44700,2,758,61000
B100876,2022-11-29 00:00:00,46,Salaried,North,82700,2,605,105100
B100877,2024-09-01 00:00:00,35,Salaried,North,57900,2,638,18200
B100878,2024-04-16 00:00:00,54,Salaried,West,56100,0,628,78300
B100879,2022-06-24 00:00:00,62,Business Owner,South,53100,1,711,15100
B100880,2023-01-02 00:00:00,64,Self-Employed,West,121300,1,771,129600
B100881,2023-05-19 00:00:00,60,Salaried,East,101700,2,559,62700
B100882,2021-02-10 00:00:00,31,Business Owner,North,76900,3,696,87700
B100883,2023-01-10 00:00:00,23,Salaried,East,50900,2,630,31500
B100884,2025-09-24 00:00:00,26,Business Owner,South,56000,0,755,99500
B100885,2022-05-17 00:00:00,29,Self-Employed,West,69800,1,675,48600
B100886,2023-08-17 00:00:00,26,Salaried,West,43500,0,698,25500
B100887,2024-03-14 00:00:00,29,Salaried,West,83900,0,690,54200
B100888,2024-05-09 00:00:00,59,Salaried,East,36300,1,763,59300
B100889,2023-07-18 00:00:00,51,Contract,North,65600,1,823,79900
B100890,2025-10-14 00:00:00,52,Salaried,East,19600,1,616,26800
B100891,2022-04-06 00:00:00,61,Contract,East,42900,0,628,71600
B100892,2023-01-02 00:00:00,32,Salaried,South,140100,0,711,232400
B100893,2023-01-22 00:00:00,28,Salaried,South,87700,0,637,121200
B100894,2023-07-14 00:00:00,28,Salaried,South,109800,0,751,56700
B100895,2023-06-28 00:00:00,48,Salaried,North,40700,1,761,63100
B100896,2025-05-01 00:00:00,40,Contract,North,57600,2,654,30300
B100897,2025-04-20 00:00:00,27,Salaried,South,97900,0,640,135900
B100898,2024-06-30 00:00:00,31,Salaried,South,73100,1,672,94800
B100899,2022-01-25 00:00:00,40,Salaried,North,69100,1,697,97700
B100900,2025-06-06 00:00:00,36,Salaried,West,114600,0,710,120600
B100901,2023-06-02 00:00:00,24,Salaried,North,34400,0,544,42000
B100902,2021-09-13 00:00:00,26,Salaried,North,50600,1,627,87300
B100903,2022-12-10 00:00:00,42,Business Owner,North,25000,2,664,9000
B100904,2022-03-26 00:00:00,46,Salaried,South,33600,1,638,23300
B100905,2021-01-10 00:00:00,23,Salaried,West,89200,0,504,105100
B100906,2023-04-04 00:00:00,61,Salaried,North,36400,3,567,63400
B100907,2023-03-09 00:00:00,62,Salaried,South,76600,1,605,27000
B100908,2024-06-19 00:00:00,34,Contract,East,116000,1,683,27400
B100909,2024-06-28 00:00:00,31,Salaried,East,50800,3,662,14700
B100910,2023-05-27 00:00:00,38,Salaried,North,69500,3,649,19700
B100911,2023-10-26 00:00:00,32,Self-Employed,East,76800,1,742,126900
B100912,2024-02-17 00:00:00,43,Salaried,West,31700,2,742,42900
B100913,2023-10-13 00:00:00,32,Salaried,East,41700,1,700,53500
B100914,2022-01-09 00:00:00,33,Contract,East,35000,0,698,36300
B100915,2023-12-25 00:00:00,45,Self-Employed,West,43200,2,634,62700
B100916,2021-05-26 00:00:00,65,Contract,North,75900,0,642,34100
B100917,2021-08-12 00:00:00,39,Salaried,North,42100,1,579,34800
B100918,2024-06-16 00:00:00,56,Salaried,West,54100,4,674,53200
B100919,2021-06-26 00:00:00,65,Salaried,West,34400,4,741,13000
B100920,2023-05-03 00:00:00,28,Salaried,West,95500,1,778,83200
B100921,2024-07-29 00:00:00,49,Business Owner,East,43000,2,674,30400
B100922,2021-03-04 00:00:00,52,Salaried,West,109100,1,722,28000
B100923,2024-05-25 00:00:00,64,Business Owner,South,56500,3,504,23700
B100924,2023-04-07 00:00:00,38,Self-Employed,East,29200,1,662,41500
B100925,2023-03-06 00:00:00,26,Salaried,North,50900,0,660,11600
B100926,2022-11-20 00:00:00,38,Salaried,North,34100,0,787,57800
B100927,2025-01-24 00:00:00,39,Self-Employed,North,71700,1,716,24300
B100928,2025-06-22 00:00:00,42,Salaried,East,48900,1,722,72300
B100929,2021-04-15 00:00:00,57,Business Owner,South,59200,3,719,97000
B100930,2024-01-28 00:00:00,52,Salaried,West,46600,2,693,79500
B100931,2022-05-26 00:00:00,61,Salaried,West,42800,1,790,68000
B100932,2022-01-20 00:00:00,23,Self-Employed,North,35500,1,540,23400
B100933,2022-02-09 00:00:00,48,Contract,North,80100,0,700,58700
B100934,2023-04-03 00:00:00,30,Salaried,East,50900,3,763,44900
B100935,2022-06-02 00:00:00,55,Business Owner,South,47700,3,567,20200
B100936,2022-04-21 00:00:00,49,Salaried,West,50300,4,744,11900
B100937,2022-12-10 00:00:00,35,Business Owner,East,40500,3,641,64400
B100938,2025-07-27 00:00:00,53,Self-Employed,West,47800,0,697,51900
B100939,2023-02-10 00:00:00,27,Salaried,North,60300,0,639,70800
B100940,2024-12-31 00:00:00,32,Salaried,West,34500,2,752,58100
B100941,2023-11-13 00:00:00,50,Business Owner,South,36900,3,671,46600
B100942,2023-09-24 00:00:00,41,Salaried,South,102300,0,745,133500
B100943,2025-05-08 00:00:00,51,Self-Employed,North,46700,0,718,68100
B100944,2022-11-08 00:00:00,44,Salaried,South,42900,3,638,16600
B100945,2022-12-15 00:00:00,40,Business Owner,South,30000,0,723,23300
B100946,2025-01-21 00:00:00,57,Self-Employed,East,80700,1,647,141200
B100947,2021-03-24 00:00:00,24,Contract,West,34200,2,694,57300
B100948,2024-03-14 00:00:00,48,Salaried,North,54600,1,670,88200
B100949,2024-01-14 00:00:00,64,Self-Employed,North,25500,0,748,23500
B100950,2024-01-07 00:00:00,40,Self-Employed,North,79500,3,725,124900
B100951,2022-04-02 00:00:00,44,Salaried,North,93400,2,688,25900
B100952,2021-01-01 00:00:00,52,Salaried,North,68400,4,645,29900
B100953,2021-02-20 00:00:00,61,Salaried,South,27600,1,608,23800
B100954,2022-11-16 00:00:00,56,Self-Employed,East,80200,0,699,78100
B100955,2022-12-18 00:00:00,54,Salaried,North,37900,2,649,23600
B100956,2025-12-01 00:00:00,56,Salaried,East,32500,2,568,25000
B100957,2025-01-09 00:00:00,22,Self-Employed,East,46300,1,604,21300
B100958,2022-03-25 00:00:00,35,Salaried,South,45900,3,796,45100
B100959,2023-05-31 00:00:00,54,Salaried,North,43800,1,647,64400
B100960,2022-05-03 00:00:00,56,Contract,South,97600,1,760,122800
B100961,2021-02-03 00:00:00,26,Contract,North,136000,0,667,50700
B100962,2024-10-03 00:00:00,59,Salaried,South,29700,1,771,29100
B100963,2021-04-05 00:00:00,62,Salaried,East,40300,1,766,53000
B100964,2024-01-01 00:00:00,32,Self-Employed,North,58600,2,636,61400
B100965,2025-04-24 00:00:00,23,Salaried,West,46200,2,561,38200
B100966,2021-06-03 00:00:00,65,Salaried,East,65800,3,566,78600
B100967,2021-09-07 00:00:00,38,Salaried,West,83100,0,637,145400
B100968,2022-11-05 00:00:00,60,Salaried,East,77100,0,813,27100
B100969,2022-03-14 00:00:00,41,Salaried,South,72400,0,663,59700
B100970,2021-04-28 00:00:00,35,Salaried,North,116000,0,699,98700
B100971,2023-02-10 00:00:00,53,Self-Employed,East,26900,2,775,30200
B100972,2024-08-22 00:00:00,55,Contract,South,107100,2,697,47500
B100973,2021-09-25 00:00:00,46,Salaried,North,45700,3,695,22100
B100974,2023-12-14 00:00:00,28,Self-Employed,North,78300,1,730,51400
B100975,2021-08-24 00:00:00,56,Business Owner,East,34600,1,709,59800
B100976,2022-01-24 00:00:00,50,Salaried,North,36500,2,684,50200
B100977,2023-09-17 00:00:00,43,Salaried,East,74100,0,643,93300
B100978,2025-10-24 00:00:00,62,Self-Employed,North,23100,2,695,34800
B100979,2023-02-02 00:00:00,64,Self-Employed,West,85800,4,761,34700
B100980,2022-02-05 00:00:00,34,Business Owner,South,97000,1,806,152800
B100981,2022-09-16 00:00:00,34,Salaried,West,59600,2,709,68600
B100982,2023-02-06 00:00:00,22,Contract,East,58600,2,739,43200
B100983,2024-08-19 00:00:00,57,Salaried,West,37800,0,708,56900
B100984,2023-07-08 00:00:00,25,Salaried,East,74500,2,684,110600
B100985,2024-05-15 00:00:00,58,Self-Employed,North,64300,1,723,99900
B100986,2024-06-06 00:00:00,65,Salaried,North,36300,0,767,14000
B100987,2023-05-03 00:00:00,61,Salaried,East,46100,2,632,80700
B100988,2022-08-01 00:00:00,34,Salaried,West,51200,3,596,88900
B100989,2021-03-16 00:00:00,59,Salaried,North,46100,1,655,35600
B100990,2022-03-11 00:00:00,45,Salaried,South,29800,1,704,9100
B100991,2021-04-13 00:00:00,40,Contract,North,75300,3,747,35200
B100992,2024-12-16 00:00:00,22,Salaried,South,49300,3,626,88200
B100993,2025-09-24 00:00:00,59,Self-Employed,West,55400,2,528,61000
B100994,2023-02-03 00:00:00,26,Self-Employed,South,42400,1,657,32700
B100995,2023-01-08 00:00:00,37,Contract,South,68100,3,677,45000
B100996,2023-03-17 00:00:00,45,Salaried,South,60100,0,614,36700
B100997,2024-08-22 00:00:00,48,Business Owner,South,94900,2,641,119800
B100998,2021-04-08 00:00:00,22,Salaried,North,68300,0,746,59500
B100999,2023-03-09 00:00:00,55,Self-Employed,South,50200,2,695,87600
B101000,2024-09-20 00:00:00,57,Self-Employed,North,39400,1,712,51000
B101001,2023-05-09 00:00:00,25,Business Owner,South,81200,1,667,119100
B101002,2022-03-11 00:00:00,21,Salaried,East,48400,1,641,32300
B101003,2022-03-23 00:00:00,60,Self-Employed,West,50900,0,666,16600
B101004,2024-08-24 00:00:00,32,Salaried,South,50900,2,722,49900
B101005,2021-09-06 00:00:00,56,Business Owner,East,45900,3,593,32300
B101006,2021-06-15 00:00:00,65,Contract,South,51300,4,797,26800
B101007,2025-02-13 00:00:00,43,Salaried,South,130900,0,727,225700
B101008,2023-09-11 00:00:00,51,Contract,South,34300,2,655,31200
B101009,2024-09-20 00:00:00,31,Salaried,East,38100,2,743,18300
B101010,2023-10-17 00:00:00,30,Salaried,West,102500,1,769,53100
B101011,2022-06-26 00:00:00,23,Salaried,East,46500,0,669,30200
B101012,2023-01-29 00:00:00,34,Salaried,West,44900,2,676,80800
B101013,2024-02-04 00:00:00,36,Self-Employed,South,87600,4,787,55100
B101014,2025-05-06 00:00:00,30,Salaried,North,29000,2,828,21100
B101015,2021-03-22 00:00:00,49,Salaried,South,79600,1,692,99900
B101016,2021-05-13 00:00:00,30,Contract,West,56100,2,615,37600
B101017,2023-03-08 00:00:00,32,Business Owner,East,67800,0,659,37000
B101018,2023-06-19 00:00:00,50,Business Owner,South,67200,2,757,30500
B101019,2021-05-18 00:00:00,61,Business Owner,East,41500,2,623,29100
B101020,2021-07-03 00:00:00,21,Self-Employed,East,88300,0,676,32600
B101021,2024-11-25 00:00:00,25,Salaried,East,42900,3,709,9900
B101022,2024-09-15 00:00:00,40,Salaried,South,66100,1,630,98300
B101023,2023-02-24 00:00:00,28,Self-Employed,East,96000,4,761,40400
B101024,2025-03-12 00:00:00,63,Salaried,East,102300,1,735,147500
B101025,2023-09-11 00:00:00,32,Self-Employed,South,48800,0,821,72000
B101026,2021-03-10 00:00:00,21,Salaried,East,67700,1,741,71800
B101027,2022-06-30 00:00:00,40,Salaried,South,46800,1,628,32500
B101028,2025-12-03 00:00:00,48,Salaried,West,169700,0,724,73300
B101029,2021-02-22 00:00:00,63,Self-Employed,West,78100,2,754,107700
B101030,2025-01-13 00:00:00,57,Salaried,West,57100,2,758,66400
B101031,2021-07-24 00:00:00,57,Self-Employed,East,63300,2,640,79000
B101032,2021-05-06 00:00:00,32,Salaried,North,66100,0,632,14100
B101033,2025-11-06 00:00:00,57,Salaried,North,66900,2,616,112700
B101034,2021-02-12 00:00:00,64,Business Owner,East,49400,0,794,15100
B101035,2025-11-11 00:00:00,48,Self-Employed,North,46100,2,730,36300
B101036,2021-04-21 00:00:00,35,Salaried,South,51400,0,637,43400
B101037,2023-01-31 00:00:00,26,Business Owner,North,32900,3,698,6700
B101038,2025-08-14 00:00:00,64,Salaried,East,76000,2,682,75600
B101039,2024-04-21 00:00:00,40,Salaried,East,38300,2,627,53800
B101040,2023-04-28 00:00:00,34,Salaried,South,34100,1,692,51700
B101041,2021-04-05 00:00:00,22,Self-Employed,West,54600,0,702,87700
B101042,2024-10-29 00:00:00,29,Self-Employed,East,51900,1,816,50900
B101043,2025-03-24 00:00:00,57,Salaried,South,61500,3,647,74400
B101044,2023-06-19 00:00:00,40,Business Owner,North,42600,3,579,13900
B101045,2021-12-26 00:00:00,46,Salaried,North,46100,0,622,45200
B101046,2023-06-19 00:00:00,49,Salaried,South,75100,2,632,33600
B101047,2025-09-16 00:00:00,21,Salaried,South,73100,2,662,57900
B101048,2021-10-08 00:00:00,55,Salaried,East,71700,2,622,52100
B101049,2024-05-03 00:00:00,26,Salaried,North,55800,0,743,49000
B101050,2024-05-03 00:00:00,57,Self-Employed,South,59300,1,617,66100
B101051,2022-10-29 00:00:00,25,Business Owner,North,61000,1,691,100300
B101052,2021-04-03 00:00:00,53,Salaried,South,40900,3,820,34000
B101053,2022-11-03 00:00:00,34,Salaried,North,106800,1,726,189000
B101054,2021-03-02 00:00:00,32,Salaried,West,100100,2,719,141600
B101055,2022-09-26 00:00:00,62,Salaried,East,78600,3,811,80000
B101056,2023-12-11 00:00:00,40,Salaried,North,45400,2,771,55900
B101057,2024-11-27 00:00:00,44,Self-Employed,West,70100,3,727,25500
B101058,2023-10-26 00:00:00,63,Salaried,North,85400,1,670,132500
B101059,2025-01-29 00:00:00,54,Self-Employed,North,31700,0,689,35900
B101060,2022-08-27 00:00:00,45,Business Owner,West,117900,3,685,209600
B101061,2022-11-13 00:00:00,49,Salaried,North,25100,1,664,30600
B101062,2022-06-18 00:00:00,59,Business Owner,North,75500,0,704,115900
B101063,2024-11-29 00:00:00,51,Salaried,East,105800,1,713,156500
B101064,2023-04-18 00:00:00,63,Self-Employed,West,52300,0,609,39400
B101065,2025-03-17 00:00:00,43,Salaried,West,51400,1,796,31600
B101066,2022-10-07 00:00:00,64,Salaried,South,74300,3,717,66000
B101067,2021-08-21 00:00:00,58,Salaried,North,126600,3,673,120000
B101068,2022-06-08 00:00:00,40,Salaried,East,48500,3,704,28300
B101069,2021-12-12 00:00:00,43,Salaried,North,38700,0,750,63100
B101070,2023-12-06 00:00:00,65,Salaried,North,45500,1,595,48600
B101071,2022-06-30 00:00:00,36,Salaried,South,27300,0,683,48200
B101072,2024-01-07 00:00:00,62,Contract,North,82400,3,613,123300
B101073,2025-10-20 00:00:00,28,Self-Employed,East,43600,1,850,47500
B101074,2024-01-02 00:00:00,41,Salaried,East,50100,2,699,85900
B101075,2023-03-05 00:00:00,21,Salaried,South,82800,2,613,83400
B101076,2021-09-06 00:00:00,28,Business Owner,North,46400,1,850,75100
B101077,2021-02-16 00:00:00,49,Business Owner,East,77400,1,655,59800
B101078,2024-02-19 00:00:00,52,Self-Employed,North,34500,4,676,27800
B101079,2021-08-02 00:00:00,58,Salaried,North,84700,4,681,73600
B101080,2021-08-27 00:00:00,25,Salaried,North,64100,1,635,68900
B101081,2023-12-16 00:00:00,42,Salaried,South,52900,1,706,57400
B101082,2021-12-16 00:00:00,54,Salaried,North,58300,4,546,58000
B101083,2021-04-17 00:00:00,21,Business Owner,East,30800,0,761,21200
B101084,2023-04-11 00:00:00,46,Self-Employed,North,57700,1,617,97100
B101085,2021-02-17 00:00:00,63,Self-Employed,East,51600,0,663,58900
B101086,2025-05-16 00:00:00,30,Business Owner,North,31200,2,739,26600
B101087,2021-12-03 00:00:00,50,Self-Employed,East,40700,0,677,50500
B101088,2023-11-16 00:00:00,38,Salaried,East,51900,1,679,74200
B101089,2023-03-15 00:00:00,37,Salaried,North,41800,1,624,72600
B101090,2024-07-04 00:00:00,46,Contract,North,18600,2,826,18600
B101091,2021-01-08 00:00:00,28,Salaried,East,89300,4,725,33900
B101092,2022-09-17 00:00:00,60,Contract,West,51600,3,620,46700
B101093,2024-06-30 00:00:00,32,Business Owner,South,19800,3,702,19100
B101094,2025-09-12 00:00:00,47,Salaried,West,143700,2,615,235000
B101095,2022-12-20 00:00:00,28,Salaried,West,96200,0,802,80000
B101096,2021-10-30 00:00:00,45,Business Owner,North,47000,1,703,81100
B101097,2022-10-01 00:00:00,24,Salaried,South,37600,3,627,36700
B101098,2021-02-25 00:00:00,53,Contract,West,65900,1,735,115900
B101099,2022-12-27 00:00:00,21,Contract,North,60200,0,672,12800
B101100,2022-06-10 00:00:00,39,Salaried,West,70200,2,606,115000
B101101,2022-04-19 00:00:00,51,Salaried,West,37700,1,715,63700
B101102,2021-01-28 00:00:00,36,Contract,North,90100,1,713,156600
B101103,2021-03-19 00:00:00,34,Self-Employed,North,44400,4,764,9800
B101104,2024-05-24 00:00:00,25,Salaried,North,74700,3,694,35500
B101105,2024-11-10 00:00:00,61,Salaried,South,38400,1,697,47800
B101106,2021-12-31 00:00:00,46,Salaried,West,181100,4,700,43600
B101107,2022-10-28 00:00:00,48,Contract,North,75200,2,794,22700
B101108,2022-06-10 00:00:00,22,Business Owner,East,201400,2,670,111500
B101109,2022-11-30 00:00:00,26,Self-Employed,West,79800,0,721,81400
B101110,2024-08-28 00:00:00,29,Salaried,East,42700,0,730,45800
B101111,2023-06-02 00:00:00,53,Salaried,South,79900,2,713,20400
B101112,2023-10-28 00:00:00,61,Business Owner,North,82500,3,667,39000
B101113,2023-10-24 00:00:00,45,Salaried,East,65100,2,698,65100
B101114,2025-07-05 00:00:00,33,Salaried,South,73000,0,684,84000
B101115,2023-07-08 00:00:00,29,Salaried,North,77500,0,817,33900
B101116,2023-01-20 00:00:00,33,Self-Employed,East,35200,3,660,29500
B101117,2021-12-29 00:00:00,51,Contract,East,34100,0,631,56200
B101118,2025-11-10 00:00:00,61,Salaried,South,38500,2,690,69200
B101119,2025-03-12 00:00:00,31,Salaried,North,58200,0,685,103600
B101120,2024-07-21 00:00:00,24,Self-Employed,North,49700,0,703,80100
B101121,2025-03-10 00:00:00,54,Contract,East,35500,2,660,29500
B101122,2023-03-17 00:00:00,58,Salaried,East,78000,2,697,101300
B101123,2023-01-09 00:00:00,24,Salaried,East,62500,1,698,54200
B101124,2023-11-05 00:00:00,58,Salaried,North,59300,1,749,73400
B101125,2024-04-30 00:00:00,39,Business Owner,South,49000,3,696,34100
B101126,2025-07-13 00:00:00,26,Salaried,South,46400,1,697,54300
B101127,2022-04-30 00:00:00,54,Salaried,North,37700,2,724,39100
B101128,2021-01-28 00:00:00,38,Self-Employed,West,83700,4,746,20000
B101129,2022-12-15 00:00:00,33,Self-Employed,South,40100,0,626,58800
B101130,2023-11-29 00:00:00,61,Salaried,East,60400,4,609,13200
B101131,2024-07-20 00:00:00,43,Business Owner,West,116200,0,800,77700
B101132,2024-06-08 00:00:00,39,Salaried,West,47400,2,736,9900
B101133,2021-03-27 00:00:00,65,Salaried,South,84700,1,676,67900
B101134,2025-02-06 00:00:00,31,Salaried,West,71000,4,691,21400
B101135,2021-05-06 00:00:00,21,Self-Employed,West,63300,1,664,105200
B101136,2023-03-23 00:00:00,44,Salaried,South,66800,1,704,57800
B101137,2022-06-21 00:00:00,27,Business Owner,South,52700,4,627,49300
B101138,2021-05-25 00:00:00,45,Self-Employed,West,55900,2,745,42500
B101139,2025-03-29 00:00:00,41,Self-Employed,East,43000,2,701,51800
B101140,2024-05-20 00:00:00,35,Business Owner,North,56000,1,704,81500
B101141,2021-01-25 00:00:00,21,Self-Employed,West,42300,2,632,52300
B101142,2025-05-23 00:00:00,32,Salaried,West,86500,0,724,120900
B101143,2024-11-18 00:00:00,27,Salaried,East,25600,0,633,42200
B101144,2021-03-08 00:00:00,35,Contract,West,68300,2,645,108000
B101145,2021-08-21 00:00:00,41,Salaried,West,64000,1,696,81800
B101146,2021-04-19 00:00:00,39,Self-Employed,North,61400,4,850,33400
B101147,2024-03-15 00:00:00,49,Contract,North,87200,3,701,106400
B101148,2021-04-21 00:00:00,45,Salaried,North,48400,2,523,48900
B101149,2021-08-16 00:00:00,53,Self-Employed,South,61700,3,648,83100
B101150,2021-04-21 00:00:00,52,Salaried,South,25400,2,734,38900
B101151,2025-02-02 00:00:00,55,Salaried,North,45600,0,617,63300
B101152,2021-02-03 00:00:00,64,Salaried,North,80800,3,744,125600
B101153,2022-09-15 00:00:00,58,Salaried,South,30100,1,700,9100
B101154,2025-12-05 00:00:00,46,Self-Employed,East,59100,1,754,14800
B101155,2024-10-24 00:00:00,31,Business Owner,West,40500,3,654,24900
B101156,2023-01-18 00:00:00,55,Business Owner,West,52300,2,649,85800
B101157,2022-08-18 00:00:00,28,Salaried,North,41700,3,727,63300
B101158,2025-04-27 00:00:00,34,Salaried,East,31400,1,690,40600
B101159,2022-03-01 00:00:00,30,Self-Employed,South,65400,2,686,86400
B101160,2022-09-05 00:00:00,22,Salaried,North,53800,0,792,73300
B101161,2025-03-22 00:00:00,29,Contract,East,72500,2,729,123800
B101162,2022-11-23 00:00:00,23,Business Owner,East,78600,3,561,120400
B101163,2024-07-29 00:00:00,41,Self-Employed,East,95500,2,742,114400
B101164,2024-09-05 00:00:00,46,Contract,South,58400,1,735,73900
B101165,2025-10-28 00:00:00,28,Salaried,South,97300,0,767,52700
B101166,2025-01-06 00:00:00,22,Self-Employed,West,35500,0,629,44400
B101167,2021-11-11 00:00:00,26,Salaried,West,82800,2,711,72800
B101168,2023-05-27 00:00:00,48,Contract,East,67600,3,697,30100
B101169,2025-10-31 00:00:00,49,Salaried,East,61100,1,628,91100
B101170,2024-11-01 00:00:00,46,Self-Employed,South,67200,2,752,68300
B101171,2024-08-05 00:00:00,45,Business Owner,West,35700,3,674,63000
B101172,2024-12-31 00:00:00,32,Salaried,East,32100,2,765,20900
B101173,2022-10-24 00:00:00,25,Salaried,West,118700,2,642,115000
B101174,2021-10-04 00:00:00,54,Self-Employed,West,51000,3,595,46800
B101175,2025-09-30 00:00:00,57,Salaried,East,50700,1,674,19900
B101176,2025-05-25 00:00:00,35,Salaried,South,33500,1,705,29500
B101177,2025-03-07 00:00:00,64,Salaried,East,28200,0,655,18600
B101178,2022-09-16 00:00:00,56,Salaried,East,52900,4,491,24100
B101179,2022-05-31 00:00:00,35,Business Owner,West,47200,3,715,30700
B101180,2024-10-05 00:00:00,63,Salaried,East,55000,3,715,31500
B101181,2023-04-23 00:00:00,43,Salaried,South,57200,0,735,78600
B101182,2025-01-09 00:00:00,26,Salaried,East,168600,1,665,42000
B101183,2021-12-16 00:00:00,64,Salaried,South,47200,0,662,56100
B101184,2025-06-19 00:00:00,63,Salaried,South,112000,0,784,158700
B101185,2025-08-15 00:00:00,65,Salaried,West,115200,2,588,111600
B101186,2023-04-03 00:00:00,41,Salaried,North,77200,4,674,130500
B101187,2024-03-06 00:00:00,43,Salaried,North,49500,3,699,66000
B101188,2023-01-29 00:00:00,63,Self-Employed,West,29800,2,729,41600
B101189,2023-06-18 00:00:00,36,Salaried,East,68200,0,701,35100
B101190,2021-08-31 00:00:00,35,Self-Employed,West,87000,1,630,125600
B101191,2022-06-27 00:00:00,45,Salaried,South,120800,1,766,185000
B101192,2023-11-30 00:00:00,56,Salaried,North,35900,3,690,27900
B101193,2021-08-17 00:00:00,31,Self-Employed,West,49300,3,582,26700
B101194,2022-07-02 00:00:00,35,Salaried,East,36000,1,704,29400
B101195,2023-07-09 00:00:00,24,Business Owner,West,41400,1,721,57300
B101196,2024-05-31 00:00:00,41,Self-Employed,North,74200,0,817,64400
B101197,2021-01-06 00:00:00,33,Salaried,West,40500,1,717,55800
B101198,2024-09-07 00:00:00,42,Business Owner,West,38000,1,594,14500
B101199,2022-04-13 00:00:00,39,Self-Employed,North,78700,0,596,117200
B101200,2025-10-22 00:00:00,54,Salaried,South,67400,1,772,40800
