loan_id,collateral_type,collateral_value
L200001,None,0
L200002,Property,51900
L200003,Vehicle,141200
L200004,None,0
L200005,None,0
L200006,None,0
L200007,None,0
L200008,None,0
L200009,None,0
L200010,None,0
L200011,None,0
L200012,Vehicle,472700
L200013,None,0
L200014,None,0
L200015,None,0
L200016,None,0
L200017,None,0
L200018,None,0
L200019,None,0
L200020,None,0
L200021,None,0
L200022,None,0
L200023,Vehicle,299600
L200024,None,0
L200025,None,0
L200026,None,0
L200027,None,0
L200028,None,0
L200029,Property,141900
L200030,Vehicle,516700
L200031,None,0
L200032,Vehicle,165300
L200033,None,0
L200034,None,0
L200035,Property,266800
L200036,None,0
L200037,None,0
L200038,Vehicle,55100
L200039,Property,165500
L200040,Property,291000
L200041,Vehicle,301300
L200042,Vehicle,681700
L200043,None,0
L200044,None,0
L200045,Vehicle,479800
L200046,Property,125100
L200047,None,0
L200048,None,0
L200049,None,0
L200050,Vehicle,279900
L200051,None,0
L200052,None,0
L200053,None,0
L200054,Vehicle,98200
L200055,None,0
L200056,None,0
L200057,None,0
L200058,Property,200200
L200059,None,0
L200060,None,0
L200061,None,0
L200062,None,0
L200063,None,0
L200064,None,0
L200065,Property,895600
L200066,None,0
L200067,None,0
L200068,None,0
L200069,Vehicle,164600
L200070,None,0
L200071,Property,111600
L200072,None,0
L200073,None,0
L200074,None,0
L200075,None,0
L200076,None,0
L200077,None,0
L200078,None,0
L200079,None,0
L200080,Property,175000
L200081,Vehicle,387200
L200082,None,0
L200083,None,0
L200084,None,0
L200085,Vehicle,367900
L200086,None,0
L200087,None,0
L200088,Vehicle,139300
L200089,None,0
L200090,Property,207900
L200091,None,0
L200092,Property,81900
L200093,None,0
L200094,Vehicle,184700
L200095,Property,405800
L200096,None,0
L200097,None,0
L200098,None,0
L200099,Vehicle,144900
L200100,None,0
L200101,None,0
L200102,None,0
L200103,None,0
L200104,Vehicle,127900
L200105,None,0
L200106,None,0
L200107,None,0
L200108,Property,162500
L200109,None,0
L200110,None,0
L200111,None,0
L200112,Vehicle,246700
L200113,None,0
L200114,None,0
L200115,Property,464200
L200116,Vehicle,852600
L200117,None,0
L200118,Vehicle,53400
L200119,None,0
L200120,Property,300800
L200121,None,0
L200122,None,0
L200123,None,0
L200124,None,0
L200125,Vehicle,196800
L200126,Vehicle,141000
L200127,Vehicle,192300
L200128,Vehicle,129600
L200129,None,0
L200130,Property,962800
L200131,None,0
L200132,None,0
L200133,Property,147300
L200134,None,0
L200135,None,0
L200136,Vehicle,442700
L200137,Vehicle,612600
L200138,Property,286500
L200139,Property,203000
L200140,Property,50300
L200141,Property,204000
L200142,None,0
L200143,None,0
L200144,Vehicle,142500
L200145,None,0
L200146,None,0
L200147,None,0
L200148,None,0
L200149,None,0
L200150,None,0
L200151,None,0
L200152,None,0
L200153,Vehicle,98900
L200154,None,0
L200155,Property,431500
L200156,None,0
L200157,Vehicle,179300
L200158,Vehicle,79800
L200159,None,0
L200160,None,0
L200161,None,0
L200162,Vehicle,175400
L200163,Property,623500
L200164,None,0
L200165,Vehicle,190800
L200166,None,0
L200167,Vehicle,64500
L200168,Property,132500
L200169,None,0
L200170,None,0
L200171,None,0
L200172,None,0
L200173,None,0
L200174,None,0
L200175,None,0
L200176,None,0
L200177,None,0
L200178,None,0
L200179,None,0
L200180,Vehicle,298200
L200181,None,0
L200182,Property,701800
L200183,None,0
L200184,Vehicle,436800
L200185,Property,27300
L200186,Property,482000
L200187,Property,385400
L200188,None,0
L200189,None,0
L200190,Vehicle,631900
L200191,Vehicle,465700
L200192,Property,396400
L200193,None,0
L200194,None,0
L200195,None,0
L200196,None,0
L200197,Vehicle,274400
L200198,None,0
L200199,None,0
L200200,Vehicle,65100
L200201,None,0
L200202,Vehicle,390100
L200203,None,0
L200204,None,0
L200205,None,0
L200206,None,0
L200207,None,0
L200208,None,0
L200209,Property,171700
L200210,None,0
L200211,None,0
L200212,None,0
L200213,None,0
L200214,None,0
L200215,None,0
L200216,None,0
L200217,None,0
L200218,Vehicle,618700
L200219,Vehicle,148400
L200220,None,0
L200221,Property,197600
L200222,None,0
L200223,None,0
L200224,Property,99100
L200225,Vehicle,137500
L200226,None,0
L200227,None,0
L200228,None,0
L200229,None,0
L200230,None,0
L200231,None,0
L200232,None,0
L200233,Vehicle,133200
L200234,None,0
L200235,Property,219900
L200236,None,0
L200237,Vehicle,264900
L200238,None,0
L200239,Vehicle,126200
L200240,Property,141500
L200241,None,0
L200242,None,0
L200243,None,0
L200244,Vehicle,162900
L200245,None,0
L200246,Property,299000
L200247,None,0
L200248,None,0
L200249,None,0
L200250,None,0
L200251,None,0
L200252,None,0
L200253,None,0
L200254,None,0
L200255,None,0
L200256,Property,116100
L200257,Vehicle,155200
L200258,None,0
L200259,Vehicle,97100
L200260,None,0
L200261,None,0
L200262,Property,260800
L200263,None,0
L200264,None,0
L200265,None,0
L200266,None,0
L200267,None,0
L200268,None,0
L200269,None,0
L200270,None,0
L200271,Property,212800
L200272,Property,134000
L200273,None,0
L200274,Vehicle,156400
L200275,None,0
L200276,Property,74900
L200277,None,0
L200278,None,0
L200279,None,0
L200280,Vehicle,100000
L200281,Property,154600
L200282,None,0
L200283,Vehicle,198500
L200284,None,0
L200285,None,0
L200286,None,0
L200287,Property,113500
L200288,None,0
L200289,None,0
L200290,None,0
L200291,Vehicle,420900
L200292,Vehicle,295100
L200293,Property,665800
L200294,None,0
L200295,None,0
L200296,Vehicle,449300
L200297,None,0
L200298,None,0
L200299,None,0
L200300,None,0
L200301,Property,130000
L200302,None,0
L200303,None,0
L200304,None,0
L200305,Property,98700
L200306,Vehicle,129800
L200307,Property,523900
L200308,Property,387600
L200309,Property,184900
L200310,Vehicle,268300
L200311,Vehicle,235200
L200312,None,0
L200313,None,0
L200314,Property,182000
L200315,None,0
L200316,None,0
L200317,None,0
L200318,None,0
L200319,None,0
L200320,None,0
L200321,None,0
L200322,None,0
L200323,None,0
L200324,None,0
L200325,None,0
L200326,None,0
L200327,None,0
L200328,None,0
L200329,None,0
L200330,None,0
L200331,Vehicle,68000
L200332,None,0
L200333,Property,124500
L200334,Vehicle,235300
L200335,None,0
L200336,None,0
L200337,Vehicle,107700
L200338,None,0
L200339,None,0
L200340,Vehicle,73700
L200341,None,0
L200342,Vehicle,150400
L200343,None,0
L200344,None,0
L200345,None,0
L200346,None,0
L200347,None,0
L200348,None,0
L200349,None,0
L200350,None,0
L200351,Vehicle,109100
L200352,Property,229800
L200353,None,0
L200354,None,0
L200355,None,0
L200356,Property,178500
L200357,None,0
L200358,None,0
L200359,Property,85600
L200360,None,0
L200361,Vehicle,345500
L200362,None,0
L200363,None,0
L200364,None,0
L200365,None,0
L200366,None,0
L200367,Vehicle,128100
L200368,Vehicle,1187500
L200369,None,0
L200370,None,0
L200371,None,0
L200372,Property,283700
L200373,None,0
L200374,None,0
L200375,Vehicle,57400
L200376,Property,190400
L200377,None,0
L200378,None,0
L200379,Vehicle,26200
L200380,None,0
L200381,Vehicle,115000
L200382,None,0
L200383,None,0
L200384,None,0
L200385,Vehicle,287900
L200386,None,0
L200387,Vehicle,329900
L200388,Vehicle,258700
L200389,None,0
L200390,None,0
L200391,Property,642300
L200392,None,0
L200393,None,0
L200394,None,0
L200395,None,0
L200396,None,0
L200397,None,0
L200398,None,0
L200399,None,0
L200400,None,0
L200401,None,0
L200402,None,0
L200403,Property,314200
L200404,None,0
L200405,None,0
L200406,Property,202600
L200407,Vehicle,357800
L200408,None,0
L200409,Vehicle,199500
L200410,None,0
L200411,Vehicle,135300
L200412,None,0
L200413,None,0
L200414,None,0
L200415,None,0
L200416,None,0
L200417,None,0
L200418,Property,135400
L200419,None,0
L200420,None,0
L200421,None,0
L200422,None,0
L200423,Vehicle,408400
L200424,Vehicle,198500
L200425,None,0
L200426,None,0
L200427,Vehicle,197300
L200428,None,0
L200429,Property,204600
L200430,Vehicle,236000
L200431,Vehicle,224000
L200432,None,0
L200433,Vehicle,509700
L200434,None,0
L200435,Property,142100
L200436,Vehicle,127900
L200437,None,0
L200438,Vehicle,576300
L200439,None,0
L200440,None,0
L200441,Vehicle,395500
L200442,None,0
L200443,Property,218000
L200444,None,0
L200445,None,0
L200446,Vehicle,78100
L200447,Property,186500
L200448,None,0
L200449,Vehicle,124500
L200450,None,0
L200451,None,0
L200452,None,0
L200453,None,0
L200454,None,0
L200455,Property,194000
L200456,Property,277100
L200457,Property,251300
L200458,Vehicle,129700
L200459,None,0
L200460,Vehicle,107500
L200461,None,0
L200462,Vehicle,537600
L200463,None,0
L200464,None,0
L200465,Vehicle,527900
L200466,Property,99500
L200467,None,0
L200468,Vehicle,848800
L200469,None,0
L200470,None,0
L200471,None,0
L200472,None,0
L200473,Vehicle,392400
L200474,Vehicle,117200
L200475,None,0
L200476,None,0
L200477,Vehicle,159700
L200478,None,0
L200479,None,0
L200480,Vehicle,129800
L200481,None,0
L200482,Property,327500
L200483,Vehicle,480100
L200484,Property,198700
L200485,None,0
L200486,None,0
L200487,None,0
L200488,None,0
L200489,Property,114300
L200490,Vehicle,85400
L200491,Property,94200
L200492,Vehicle,266500
L200493,None,0
L200494,None,0
L200495,None,0
L200496,None,0
L200497,Property,98800
L200498,None,0
L200499,None,0
L200500,None,0
L200501,Property,366300
L200502,Property,153700
L200503,Vehicle,627100
L200504,None,0
L200505,None,0
L200506,None,0
L200507,None,0
L200508,None,0
L200509,Property,298800
L200510,None,0
L200511,Vehicle,177900
L200512,None,0
L200513,None,0
L200514,Property,265300
L200515,None,0
L200516,None,0
L200517,None,0
L200518,None,0
L200519,Vehicle,292400
L200520,None,0
L200521,None,0
L200522,Property,245600
L200523,None,0
L200524,Vehicle,66400
L200525,Vehicle,319200
L200526,None,0
L200527,None,0
L200528,None,0
L200529,None,0
L200530,None,0
L200531,Property,168100
L200532,Vehicle,180900
L200533,Property,212100
L200534,None,0
L200535,None,0
L200536,None,0
L200537,None,0
L200538,None,0
L200539,Property,213200
L200540,Property,157500
L200541,None,0
L200542,None,0
L200543,Property,407500
L200544,None,0
L200545,Property,95900
L200546,None,0
L200547,Vehicle,139500
L200548,Property,320800
L200549,None,0
L200550,None,0
L200551,None,0
L200552,None,0
L200553,Vehicle,208300
L200554,Vehicle,97800
L200555,None,0
L200556,Property,78100
L200557,Vehicle,178800
L200558,None,0
L200559,None,0
L200560,None,0
L200561,Vehicle,77700
L200562,None,0
L200563,None,0
L200564,Property,388500
L200565,Vehicle,130100
L200566,None,0
L200567,None,0
L200568,Property,376000
L200569,None,0
L200570,Property,156200
L200571,Vehicle,104900
L200572,None,0
L200573,None,0
L200574,None,0
L200575,None,0
L200576,None,0
L200577,Property,249700
L200578,Property,616000
L200579,None,0
L200580,Property,85700
L200581,Vehicle,67000
L200582,None,0
L200583,None,0
L200584,None,0
L200585,Vehicle,78300
L200586,Vehicle,362300
L200587,None,0
L200588,Property,182000
L200589,Property,391600
L200590,Property,191100
L200591,Vehicle,101800
L200592,Vehicle,208400
L200593,Vehicle,412000
L200594,None,0
L200595,None,0
L200596,Vehicle,346500
L200597,None,0
L200598,Vehicle,250800
L200599,None,0
L200600,None,0
L200601,None,0
L200602,Property,114900
L200603,None,0
L200604,None,0
L200605,None,0
L200606,Property,348000
L200607,None,0
L200608,None,0
L200609,None,0
L200610,Vehicle,184000
L200611,None,0
L200612,None,0
L200613,Property,169700
L200614,Vehicle,476000
L200615,None,0
L200616,None,0
L200617,Property,289400
L200618,Vehicle,214000
L200619,Vehicle,351700
L200620,Property,72800
L200621,None,0
L200622,None,0
L200623,None,0
L200624,None,0
L200625,None,0
L200626,Vehicle,147500
L200627,None,0
L200628,Vehicle,625100
L200629,None,0
L200630,None,0
L200631,Vehicle,296500
L200632,None,0
L200633,Property,291800
L200634,None,0
L200635,None,0
L200636,None,0
L200637,Vehicle,409900
L200638,None,0
L200639,Property,128200
L200640,None,0
L200641,None,0
L200642,None,0
L200643,None,0
L200644,None,0
L200645,None,0
L200646,None,0
L200647,None,0
L200648,None,0
L200649,None,0
L200650,None,0
L200651,None,0
L200652,None,0
L200653,Property,157100
L200654,Property,175300
L200655,Property,78400
L200656,Vehicle,252200
L200657,None,0
L200658,Vehicle,248500
L200659,None,0
L200660,Vehicle,423700
L200661,Vehicle,188700
L200662,None,0
L200663,None,0
L200664,Vehicle,235500
L200665,Property,287800
L200666,None,0
L200667,Property,422600
L200668,None,0
L200669,None,0
L200670,None,0
L200671,Property,127400
L200672,None,0
L200673,None,0
L200674,None,0
L200675,None,0
L200676,Property,197000
L200677,None,0
L200678,Vehicle,96300
L200679,Property,152700
L200680,Property,120100
L200681,Property,201700
L200682,Vehicle,81300
L200683,Vehicle,280700
L200684,None,0
L200685,None,0
L200686,Vehicle,388300
L200687,None,0
L200688,Property,576000
L200689,Property,818200
L200690,None,0
L200691,None,0
L200692,None,0
L200693,Vehicle,317500
L200694,Vehicle,359600
L200695,None,0
L200696,Vehicle,251200
L200697,None,0
L200698,None,0
L200699,Vehicle,997700
L200700,Vehicle,161700
L200701,None,0
L200702,Vehicle,158500
L200703,None,0
L200704,Vehicle,146400
L200705,None,0
L200706,Property,57100
L200707,None,0
L200708,None,0
L200709,Vehicle,391400
L200710,None,0
L200711,None,0
L200712,Property,890900
L200713,Property,57100
L200714,Property,83000
L200715,None,0
L200716,None,0
L200717,Property,133800
L200718,None,0
L200719,Vehicle,265100
L200720,None,0
L200721,None,0
L200722,None,0
L200723,Vehicle,106900
L200724,None,0
L200725,None,0
L200726,Vehicle,109700
L200727,None,0
L200728,None,0
L200729,None,0
L200730,None,0
L200731,None,0
L200732,None,0
L200733,Property,133500
L200734,None,0
L200735,None,0
L200736,None,0
L200737,None,0
L200738,None,0
L200739,None,0
L200740,Vehicle,410300
L200741,None,0
L200742,None,0
L200743,Property,285500
L200744,None,0
L200745,None,0
L200746,Property,237600
L200747,Vehicle,144200
L200748,None,0
L200749,None,0
L200750,None,0
L200751,None,0
L200752,None,0
L200753,Property,84000
L200754,None,0
L200755,None,0
L200756,None,0
L200757,Vehicle,2597500
L200758,None,0
L200759,None,0
L200760,Property,174000
L200761,None,0
L200762,Vehicle,211800
L200763,Property,183600
L200764,None,0
L200765,Property,188200
L200766,None,0
L200767,Property,575300
L200768,None,0
L200769,None,0
L200770,None,0
L200771,None,0
L200772,None,0
L200773,None,0
L200774,Vehicle,651000
L200775,None,0
L200776,None,0
L200777,None,0
L200778,Property,207200
L200779,None,0
L200780,Property,117000
L200781,Vehicle,139300
L200782,None,0
L200783,None,0
L200784,Vehicle,347300
L200785,Vehicle,153000
L200786,Vehicle,863000
L200787,Vehicle,93400
L200788,None,0
L200789,Property,138200
L200790,Vehicle,65400
L200791,None,0
L200792,None,0
L200793,Property,71300
L200794,None,0
L200795,Property,234000
L200796,None,0
L200797,None,0
L200798,None,0
L200799,Property,350700
L200800,None,0
L200801,Vehicle,75100
L200802,None,0
L200803,Property,149900
L200804,Vehicle,191400
L200805,Vehicle,350400
L200806,None,0
L200807,None,0
L200808,None,0
L200809,None,0
L200810,None,0
L200811,None,0
L200812,None,0
L200813,Property,112100
L200814,None,0
L200815,None,0
L200816,None,0
L200817,None,0
L200818,None,0
L200819,None,0
L200820,Vehicle,119100
L200821,None,0
L200822,None,0
L200823,None,0
L200824,Vehicle,401700
L200825,None,0
L200826,Vehicle,743000
L200827,Property,149900
L200828,None,0
L200829,Vehicle,124600
L200830,Vehicle,44700
L200831,None,0
L200832,Property,258500
L200833,None,0
L200834,None,0
L200835,None,0
L200836,Vehicle,184200
L200837,None,0
L200838,None,0
L200839,Vehicle,222700
L200840,None,0
L200841,None,0
L200842,None,0
L200843,None,0
L200844,Property,147700
L200845,None,0
L200846,None,0
L200847,None,0
L200848,None,0
L200849,Vehicle,194700
L200850,None,0
L200851,Property,35700
L200852,None,0
L200853,None,0
L200854,None,0
L200855,None,0
L200856,None,0
L200857,None,0
L200858,None,0
L200859,None,0
L200860,Vehicle,162500
L200861,Vehicle,156200
L200862,None,0
L200863,None,0
L200864,Property,282200
L200865,None,0
L200866,Property,417700
L200867,None,0
L200868,None,0
L200869,None,0
L200870,None,0
L200871,Vehicle,53800
L200872,Property,101100
L200873,Property,1197300
L200874,Property,339300
L200875,None,0
L200876,None,0
L200877,Property,103400
L200878,None,0
L200879,None,0
L200880,None,0
L200881,None,0
L200882,None,0
L200883,None,0
L200884,None,0
L200885,None,0
L200886,None,0
L200887,Property,200200
L200888,None,0
L200889,Vehicle,616900
L200890,None,0
L200891,None,0
L200892,None,0
L200893,None,0
L200894,None,0
L200895,None,0
L200896,None,0
L200897,None,0
L200898,None,0
L200899,Property,236600
L200900,Vehicle,306200
L200901,Property,123000
L200902,None,0
L200903,None,0
L200904,None,0
L200905,None,0
L200906,Property,101600
L200907,None,0
L200908,None,0
L200909,Property,87500
L200910,None,0
L200911,None,0
L200912,None,0
L200913,None,0
L200914,None,0
L200915,None,0
L200916,Vehicle,143400
L200917,None,0
L200918,Vehicle,137000
L200919,Vehicle,321700
L200920,None,0
L200921,Vehicle,286100
L200922,Property,424700
L200923,None,0
L200924,None,0
L200925,Property,444500
L200926,Vehicle,145600
L200927,None,0
L200928,Vehicle,438200
L200929,None,0
L200930,None,0
L200931,Property,137500
L200932,None,0
L200933,None,0
L200934,Property,703900
L200935,None,0
L200936,None,0
L200937,None,0
L200938,Vehicle,170800
L200939,Property,553700
L200940,Property,26400
L200941,None,0
L200942,None,0
L200943,None,0
L200944,Vehicle,231900
L200945,None,0
L200946,None,0
L200947,None,0
L200948,None,0
L200949,Property,88500
L200950,Property,284500
L200951,Property,148700
L200952,None,0
L200953,Vehicle,372100
L200954,None,0
L200955,None,0
L200956,Property,186300
L200957,Property,364900
L200958,Vehicle,515200
L200959,Property,123300
L200960,Property,492500
L200961,None,0
L200962,Vehicle,383100
L200963,Property,202200
L200964,None,0
L200965,Property,207200
L200966,None,0
L200967,Vehicle,560800
L200968,Property,106900
L200969,Property,516400
L200970,None,0
L200971,Vehicle,547400
L200972,None,0
L200973,None,0
L200974,None,0
L200975,None,0
L200976,None,0
L200977,Vehicle,221200
L200978,None,0
L200979,None,0
L200980,Vehicle,96800
L200981,Vehicle,107800
L200982,None,0
L200983,None,0
L200984,None,0
L200985,Property,281400
L200986,None,0
L200987,None,0
L200988,None,0
L200989,None,0
L200990,Property,200900
L200991,None,0
L200992,Property,211200
L200993,None,0
L200994,Property,238100
L200995,Vehicle,158700
L200996,Vehicle,316200
L200997,None,0
L200998,None,0
L200999,Property,198800
L201000,Vehicle,291500
L201001,Vehicle,198700
L201002,Vehicle,358200
L201003,None,0
L201004,Vehicle,459300
L201005,Vehicle,150500
L201006,Vehicle,107100
L201007,None,0
L201008,Vehicle,110500
L201009,Property,349600
L201010,None,0
L201011,None,0
L201012,None,0
L201013,None,0
L201014,None,0
L201015,None,0
L201016,None,0
L201017,None,0
L201018,Property,161700
L201019,None,0
L201020,None,0
L201021,None,0
L201022,Property,220500
L201023,Property,144500
L201024,None,0
L201025,None,0
L201026,None,0
L201027,None,0
L201028,None,0
L201029,None,0
L201030,None,0
L201031,Vehicle,356600
L201032,Property,80900
L201033,Vehicle,140200
L201034,None,0
L201035,None,0
L201036,Vehicle,385000
L201037,Property,223700
L201038,None,0
L201039,Property,145600
L201040,None,0
L201041,Vehicle,227000
L201042,Property,120700
L201043,Vehicle,978100
L201044,Property,67900
L201045,Property,102200
L201046,None,0
L201047,None,0
L201048,Vehicle,643300
L201049,None,0
L201050,None,0
L201051,Property,1110100
L201052,None,0
L201053,Vehicle,434200
L201054,None,0
L201055,None,0
L201056,Vehicle,206100
L201057,None,0
L201058,None,0
L201059,Property,272800
L201060,None,0
L201061,Vehicle,703400
L201062,None,0
L201063,None,0
L201064,Property,302000
L201065,Property,440200
L201066,Property,204600
L201067,Vehicle,277000
L201068,None,0
L201069,None,0
L201070,Property,172400
L201071,None,0
L201072,None,0
L201073,None,0
L201074,None,0
L201075,Vehicle,523000
L201076,None,0
L201077,None,0
L201078,Property,136200
L201079,None,0
L201080,Property,95700
L201081,Property,695200
L201082,None,0
L201083,Property,162900
L201084,Property,133300
L201085,Vehicle,431700
L201086,None,0
L201087,Vehicle,210100
L201088,None,0
L201089,Property,58300
L201090,None,0
L201091,Property,73600
L201092,Vehicle,873900
L201093,Vehicle,51200
L201094,Property,86600
L201095,Vehicle,228500
L201096,None,0
L201097,Property,110000
L201098,Property,93200
L201099,None,0
L201100,None,0
L201101,None,0
L201102,None,0
L201103,Vehicle,571300
L201104,None,0
L201105,Property,329000
L201106,Property,31600
L201107,None,0
L201108,None,0
L201109,None,0
L201110,None,0
L201111,Vehicle,672900
L201112,None,0
L201113,None,0
L201114,None,0
L201115,Property,156500
L201116,Vehicle,112100
L201117,None,0
L201118,None,0
L201119,None,0
L201120,Property,355000
L201121,Property,62800
L201122,None,0
L201123,Vehicle,358300
L201124,None,0
L201125,None,0
L201126,None,0
L201127,Property,466200
L201128,None,0
L201129,None,0
L201130,None,0
L201131,Vehicle,434200
L201132,None,0
L201133,None,0
L201134,None,0
L201135,Property,254300
L201136,None,0
L201137,None,0
L201138,Vehicle,871000
L201139,None,0
L201140,Vehicle,110400
L201141,None,0
L201142,Property,66100
L201143,Property,491000
L201144,Vehicle,140800
L201145,Vehicle,314500
L201146,None,0
L201147,None,0
L201148,None,0
L201149,None,0
L201150,Property,1211600
L201151,None,0
L201152,None,0
L201153,None,0
L201154,None,0
L201155,None,0
L201156,None,0
L201157,Property,68900
L201158,None,0
L201159,None,0
L201160,None,0
L201161,None,0
L201162,None,0
L201163,None,0
L201164,Property,248200
L201165,Vehicle,361000
L201166,Property,26100
L201167,Property,295300
L201168,Vehicle,82300
L201169,Property,311900
L201170,None,0
L201171,None,0
L201172,None,0
L201173,Property,120400
L201174,Property,350300
L201175,None,0
L201176,None,0
L201177,Vehicle,302900
L201178,Vehicle,258400
L201179,None,0
L201180,None,0
L201181,Property,72500
L201182,Vehicle,236000
L201183,Property,149700
L201184,None,0
L201185,None,0
L201186,None,0
L201187,Vehicle,229200
L201188,None,0
L201189,None,0
L201190,None,0
L201191,Vehicle,371700
L201192,None,0
L201193,None,0
L201194,None,0
L201195,None,0
L201196,None,0
L201197,Vehicle,196100
L201198,None,0
L201199,None,0
L201200,Vehicle,135300
L201201,Property,55800
L201202,Vehicle,151300
L201203,Vehicle,119400
L201204,None,0
L201205,Property,119500
L201206,None,0
L201207,None,0
L201208,None,0
L201209,None,0
L201210,None,0
L201211,Vehicle,624900
L201212,Vehicle,197100
L201213,None,0
L201214,Vehicle,141700
L201215,None,0
L201216,None,0
L201217,None,0
L201218,None,0
L201219,None,0
L201220,None,0
L201221,Vehicle,174700
L201222,Vehicle,165800
L201223,None,0
L201224,Vehicle,125500
L201225,None,0
L201226,Property,220000
L201227,None,0
L201228,None,0
L201229,Property,122100
L201230,None,0
L201231,None,0
L201232,None,0
L201233,None,0
L201234,None,0
L201235,None,0
L201236,Vehicle,254800
L201237,None,0
L201238,Property,274100
L201239,None,0
L201240,Vehicle,76800
L201241,None,0
L201242,None,0
L201243,None,0
L201244,Vehicle,334700
L201245,Vehicle,688000
L201246,None,0
L201247,Vehicle,114700
L201248,None,0
L201249,None,0
L201250,None,0
L201251,None,0
L201252,Vehicle,86600
L201253,None,0
L201254,Vehicle,239300
L201255,None,0
L201256,Vehicle,276900
L201257,None,0
L201258,None,0
L201259,None,0
L201260,Property,107800
L201261,Vehicle,444500
L201262,None,0
L201263,None,0
L201264,None,0
L201265,Vehicle,541100
L201266,Vehicle,95300
L201267,Vehicle,36800
L201268,Property,147600
L201269,None,0
L201270,None,0
L201271,Vehicle,579200
L201272,Property,219000
L201273,Property,157400
L201274,None,0
L201275,None,0
L201276,None,0
L201277,None,0
L201278,Vehicle,197900
L201279,Property,286400
L201280,Property,111800
L201281,Vehicle,398500
L201282,None,0
L201283,Property,177700
L201284,None,0
L201285,Vehicle,235000
L201286,Vehicle,55600
L201287,None,0
L201288,None,0
L201289,None,0
L201290,None,0
L201291,None,0
L201292,None,0
L201293,Property,193700
L201294,Vehicle,62500
L201295,None,0
L201296,None,0
L201297,None,0
L201298,None,0
L201299,Vehicle,267800
L201300,None,0
L201301,None,0
L201302,None,0
L201303,None,0
L201304,None,0
L201305,None,0
L201306,None,0
L201307,None,0
L201308,Vehicle,147700
L201309,Vehicle,193800
L201310,None,0
L201311,None,0
L201312,None,0
L201313,Vehicle,168300
L201314,None,0
L201315,None,0
L201316,None,0
L201317,None,0
L201318,Vehicle,475900
L201319,Vehicle,299500
L201320,Property,65300
L201321,None,0
L201322,Vehicle,98500
L201323,None,0
L201324,None,0
L201325,Vehicle,293900
L201326,None,0
L201327,Vehicle,129300
L201328,None,0
L201329,Vehicle,315500
L201330,Vehicle,76000
L201331,Property,163700
L201332,None,0
L201333,Vehicle,106100
L201334,None,0
L201335,Vehicle,347000
L201336,None,0
L201337,Property,355200
L201338,Property,138000
L201339,Vehicle,377800
L201340,None,0
L201341,None,0
L201342,None,0
L201343,None,0
L201344,Property,192300
L201345,None,0
L201346,Property,293300
L201347,None,0
L201348,None,0
L201349,Vehicle,175800
L201350,None,0
L201351,None,0
L201352,None,0
L201353,Vehicle,145700
L201354,None,0
L201355,Property,389900
L201356,None,0
L201357,Vehicle,149300
L201358,Property,621500
L201359,None,0
L201360,None,0
L201361,None,0
L201362,None,0
L201363,None,0
L201364,None,0
L201365,None,0
L201366,None,0
L201367,None,0
L201368,None,0
L201369,Vehicle,503400
L201370,Property,37000
L201371,Property,183800
L201372,None,0
L201373,Vehicle,110900
L201374,None,0
L201375,None,0
L201376,None,0
L201377,None,0
L201378,Property,338100
L201379,None,0
L201380,None,0
L201381,None,0
L201382,Property,120200
L201383,None,0
L201384,Vehicle,216800
L201385,None,0
L201386,None,0
L201387,None,0
L201388,None,0
L201389,None,0
L201390,None,0
L201391,Vehicle,100600
L201392,None,0
L201393,None,0
L201394,Vehicle,85400
L201395,None,0
L201396,None,0
L201397,Vehicle,311600
L201398,None,0
L201399,Property,68600
L201400,None,0
L201401,None,0
L201402,None,0
L201403,None,0
L201404,None,0
L201405,None,0
L201406,None,0
L201407,None,0
L201408,Property,784400
L201409,None,0
L201410,None,0
L201411,None,0
L201412,None,0
L201413,Vehicle,337500
L201414,Property,97200
L201415,Property,177200
L201416,None,0
L201417,None,0
L201418,Property,78900
L201419,None,0
L201420,Vehicle,55200
L201421,Vehicle,149100
L201422,None,0
L201423,Vehicle,225200
L201424,None,0
L201425,None,0
L201426,Property,199800
L201427,Vehicle,150500
L201428,None,0
L201429,None,0
L201430,None,0
L201431,None,0
L201432,None,0
L201433,None,0
L201434,None,0
L201435,Vehicle,278100
L201436,None,0
L201437,None,0
L201438,Property,289400
L201439,Vehicle,165100
L201440,Vehicle,283900
L201441,Property,296100
L201442,None,0
L201443,Vehicle,529300
L201444,Property,295600
L201445,None,0
L201446,None,0
L201447,Vehicle,75600
L201448,Property,291900
L201449,None,0
L201450,Vehicle,95000
L201451,None,0
L201452,Vehicle,184800
L201453,None,0
L201454,Vehicle,147200
L201455,None,0
L201456,Vehicle,48800
L201457,None,0
L201458,Vehicle,92000
L201459,None,0
L201460,None,0
L201461,None,0
L201462,None,0
L201463,None,0
L201464,None,0
L201465,None,0
L201466,None,0
L201467,None,0
L201468,Property,127500
L201469,Property,504200
L201470,Vehicle,586900
L201471,None,0
L201472,Property,143000
L201473,Vehicle,208700
L201474,None,0
L201475,None,0
L201476,Vehicle,568300
L201477,None,0
L201478,Property,223100
L201479,None,0
L201480,Property,61700
L201481,None,0
L201482,None,0
L201483,None,0
L201484,None,0
L201485,Vehicle,332900
L201486,Property,148500
L201487,None,0
L201488,None,0
L201489,None,0
L201490,None,0
L201491,Property,222000
L201492,Vehicle,90000
L201493,None,0
L201494,None,0
L201495,None,0
L201496,None,0
L201497,None,0
L201498,None,0
L201499,None,0
L201500,None,0
L201501,None,0
L201502,Vehicle,189300
L201503,None,0
L201504,None,0
L201505,None,0
L201506,Property,260600
L201507,Property,482200
L201508,Property,48500
L201509,Vehicle,304600
L201510,None,0
L201511,None,0
L201512,None,0
L201513,None,0
L201514,Vehicle,224200
L201515,None,0
L201516,Vehicle,164000
L201517,Vehicle,418100
L201518,Vehicle,219000
L201519,None,0
L201520,Vehicle,133200
L201521,None,0
L201522,None,0
L201523,Property,329600
L201524,None,0
L201525,None,0
L201526,Vehicle,1098600
L201527,None,0
L201528,None,0
L201529,None,0
L201530,Vehicle,405100
L201531,Property,109500
L201532,None,0
L201533,Property,149400
L201534,None,0
L201535,Property,194200
L201536,Vehicle,298200
L201537,Property,117200
L201538,None,0
L201539,None,0
L201540,None,0
L201541,None,0
L201542,None,0
L201543,None,0
L201544,None,0
L201545,Vehicle,208800
L201546,None,0
L201547,None,0
L201548,Property,130100
L201549,None,0
L201550,Property,216800
L201551,Property,87000
L201552,Property,300100
L201553,None,0
L201554,None,0
L201555,None,0
L201556,None,0
L201557,None,0
L201558,None,0
L201559,None,0
L201560,None,0
L201561,None,0
L201562,None,0
L201563,Vehicle,169800
L201564,Vehicle,356500
L201565,Vehicle,572200
L201566,None,0
L201567,None,0
L201568,None,0
L201569,Vehicle,51800
L201570,None,0
L201571,Vehicle,589000
L201572,Property,94800
L201573,Vehicle,342400
L201574,Vehicle,127700
L201575,Vehicle,234400
L201576,None,0
L201577,None,0
L201578,Property,189100
L201579,Property,161600
L201580,Vehicle,420000
L201581,None,0
L201582,Vehicle,276900
L201583,None,0
L201584,None,0
L201585,None,0
L201586,None,0
L201587,Vehicle,240500
L201588,None,0
L201589,None,0
L201590,None,0
L201591,None,0
L201592,None,0
L201593,None,0
L201594,None,0
L201595,None,0
L201596,Vehicle,133900
L201597,Vehicle,73600
L201598,None,0
L201599,None,0
L201600,Vehicle,234900
L201601,None,0
L201602,None,0
L201603,None,0
L201604,Vehicle,827400
L201605,Vehicle,330500
L201606,None,0
L201607,Vehicle,94500
L201608,None,0
L201609,Property,298300
L201610,None,0
L201611,None,0
L201612,None,0
L201613,Property,277400
L201614,None,0
L201615,None,0
L201616,None,0
L201617,None,0
L201618,Vehicle,261000
L201619,None,0
L201620,Property,502000
L201621,None,0
L201622,None,0
L201623,Vehicle,671000
L201624,None,0
L201625,None,0
L201626,None,0
L201627,Vehicle,591700
L201628,None,0
L201629,Vehicle,100600
L201630,Property,235800
L201631,None,0
L201632,None,0
L201633,None,0
L201634,Vehicle,151400
L201635,None,0
L201636,None,0
L201637,Property,230100
L201638,None,0
L201639,None,0
L201640,Property,216300
L201641,None,0
L201642,None,0
L201643,None,0
L201644,None,0
L201645,None,0
L201646,Property,200900
L201647,Property,296700
L201648,Property,107500
L201649,None,0
L201650,None,0
L201651,Vehicle,117000
L201652,Vehicle,192600
L201653,Property,154500
L201654,Vehicle,147300
L201655,None,0
L201656,None,0
L201657,None,0
L201658,None,0
L201659,None,0
L201660,None,0
L201661,None,0
L201662,None,0
L201663,Property,659300
L201664,None,0
L201665,Property,188000
L201666,Property,96200
L201667,Vehicle,303900
L201668,None,0
L201669,None,0
L201670,Property,65700
L201671,None,0
L201672,None,0
L201673,None,0
L201674,None,0
L201675,None,0
L201676,Property,517300
L201677,Property,61900
L201678,None,0
L201679,Vehicle,56400
L201680,Property,209000
L201681,Vehicle,553600
L201682,None,0
L201683,Property,54900
L201684,None,0
L201685,Property,120800
L201686,None,0
L201687,Vehicle,129800
L201688,None,0
L201689,None,0
L201690,Vehicle,289400
L201691,None,0
L201692,None,0
L201693,Vehicle,210100
L201694,None,0
L201695,Vehicle,160200
L201696,None,0
L201697,None,0
L201698,None,0
L201699,None,0
L201700,Property,149200
L201701,None,0
L201702,None,0
L201703,Vehicle,205200
L201704,None,0
L201705,Vehicle,222400
L201706,None,0
L201707,Property,141400
L201708,Property,155700
L201709,Vehicle,168200
L201710,None,0
L201711,None,0
L201712,Vehicle,699300
L201713,None,0
L201714,Vehicle,538300
L201715,None,0
L201716,Property,99400
L201717,Vehicle,151900
L201718,None,0
L201719,None,0
L201720,Vehicle,184000
L201721,None,0
L201722,Vehicle,357700
L201723,Property,102500
L201724,None,0
L201725,Vehicle,373000
L201726,Vehicle,512300
L201727,Property,228000
L201728,None,0
L201729,Vehicle,659400
L201730,None,0
L201731,None,0
L201732,None,0
L201733,None,0
L201734,None,0
L201735,Vehicle,849400
L201736,None,0
L201737,Vehicle,530200
L201738,Property,127800
L201739,None,0
L201740,None,0
L201741,Vehicle,53400
L201742,None,0
L201743,None,0
L201744,None,0
L201745,None,0
L201746,Property,28900
L201747,Vehicle,194600
L201748,Vehicle,179100
L201749,Vehicle,109000
L201750,None,0
L201751,Vehicle,306200
L201752,Vehicle,377000
L201753,None,0
L201754,None,0
L201755,None,0
L201756,Property,276900
L201757,None,0
L201758,Property,289200
L201759,None,0
L201760,None,0
L201761,None,0
L201762,None,0
L201763,None,0
L201764,Vehicle,393000
L201765,None,0
L201766,None,0
L201767,None,0
L201768,Property,69500
L201769,None,0
L201770,None,0
L201771,None,0
L201772,Vehicle,215500
L201773,None,0
L201774,None,0
L201775,None,0
L201776,Property,221800
L201777,Vehicle,171700
L201778,Vehicle,233200
L201779,None,0
L201780,None,0
L201781,Property,314500
L201782,Property,136000
L201783,None,0
L201784,None,0
L201785,Property,153600
L201786,Vehicle,321100
L201787,Vehicle,373500
L201788,None,0
L201789,Property,303700
L201790,None,0
L201791,Property,299300
L201792,None,0
L201793,None,0
L201794,None,0
L201795,None,0
L201796,None,0
L201797,None,0
L201798,None,0
L201799,Vehicle,248200
L201800,Vehicle,1082400
