borrower_id,open_accounts,delinquent_accounts,credit_history_years,recent_inquiries,credit_utilization
B100001,2,1,21.2,0,0.328
B100002,5,0,21.1,4,0.172
B100003,10,0,25.8,2,0.33
B100004,4,0,27.5,1,0.903
B100005,2,0,11.4,1,0.395
B100006,6,0,11.2,1,0.385
B100007,10,0,25.4,2,0.32
B100008,7,0,24.2,0,0.207
B100009,2,0,11.1,2,0.161
B100010,3,0,3.1,1,0.282
B100011,5,0,16.7,2,0.34
B100012,9,0,8.3,2,0.278
B100013,7,0,25.5,2,0.354
B100014,3,0,22.8,1,0.251
B100015,10,0,25.3,1,0.048
B100016,4,0,3.2,1,0.193
B100017,7,0,24.3,1,0.175
B100018,11,0,17,1,0.067
B100019,1,0,6.8,0,0.504
B100020,4,0,9.1,2,0.337
B100021,1,1,13.3,2,0.08
B100022,5,0,17.9,4,0.301
B100023,2,0,7.3,3,0.591
B100024,9,0,6.6,2,0.483
B100025,3,0,25.1,1,0.401
B100026,5,0,23.8,1,0.421
B100027,8,0,21.7,2,0.421
B100028,8,0,21.5,1,0.511
B100029,9,0,21.7,0,0.123
B100030,3,0,26,2,0.314
B100031,3,0,23.8,4,0.356
B100032,4,2,11.5,1,0.296
B100033,6,1,13.7,2,0.056
B100034,7,0,17.3,0,0.382
B100035,1,0,13.8,2,0.077
B100036,2,2,9,1,0.078
B100037,3,0,24.3,1,0.079
B100038,1,1,22.7,2,0.432
B100039,3,0,11.5,0,0.071
B100040,4,0,4.1,0,0.243
B100041,11,1,1.1,0,0.165
B100042,6,0,3.5,1,0.337
B100043,5,0,5.2,1,0.254
B100044,11,0,18.8,2,0.142
B100045,6,0,6.9,1,0.145
B100046,9,0,18.1,0,0.66
B100047,1,0,9.9,1,0.55
B100048,3,0,25.2,0,0.502
B100049,8,0,13.7,2,0.299
B100050,9,0,19.2,4,0.119
B100051,11,2,13.4,3,0.447
B100052,2,0,25.6,1,0.415
B100053,10,0,19.6,0,0.057
B100054,5,2,18.3,2,0.204
B100055,3,1,17,2,0.255
B100056,10,0,27.7,0,0.176
B100057,2,0,19.5,2,0.091
B100058,11,0,21.4,2,0.224
B100059,11,0,3.2,0,0.228
B100060,9,0,23,1,0.485
B100061,5,3,17.1,1,0.308
B100062,9,0,10.1,2,0.347
B100063,1,2,16.7,1,0.204
B100064,4,0,17.9,2,0.377
B100065,1,0,8,1,0.129
B100066,5,0,12.8,0,0.331
B100067,11,0,20.5,2,0.318
B100068,5,0,7.1,2,0.133
B100069,7,0,23.6,0,0.171
B100070,7,0,3.1,2,0.553
B100071,8,0,16.7,2,0.16
B100072,6,1,11.3,4,0.386
B100073,10,1,2.4,4,0.14
B100074,3,0,21.9,1,0.072
B100075,9,1,15.8,0,0.554
B100076,5,0,20.3,2,0.596
B100077,9,0,11.3,3,0.093
B100078,5,1,24.2,1,0.321
B100079,3,0,3.3,2,0.483
B100080,7,0,7.3,2,0.391
B100081,9,1,22.5,0,0.318
B100082,1,0,26.8,2,0.5
B100083,3,0,23.9,0,0.066
B100084,7,1,7.2,0,0.277
B100085,9,0,10.4,5,0.121
B100086,4,2,21.7,0,0.134
B100087,5,0,26.5,3,0.363
B100088,8,0,8.8,2,0.149
B100089,4,0,11.4,2,0.278
B100090,2,0,1.6,1,0.549
B100091,7,0,14.6,0,0.414
B100092,2,0,3.4,1,0.324
B100093,6,0,3.3,1,0.523
B100094,7,0,21.6,1,0.543
B100095,8,0,10.3,6,0.351
B100096,5,1,26.3,2,0.561
B100097,1,0,20.3,0,0.832
B100098,3,0,9,4,0.43
B100099,10,0,19.4,3,0.595
B100100,9,1,24.4,1,0.365
B100101,6,0,12.8,2,0.12
B100102,11,0,16.2,2,0.161
B100103,5,2,6.9,0,0.54
B100104,1,0,11.9,2,0.027
B100105,4,0,16.6,5,0.263
B100106,5,0,17.6,1,0.229
B100107,2,0,20.4,1,0.324
B100108,5,0,26.8,3,0.294
B100109,3,1,23.6,1,0.329
B100110,8,0,24,2,0.173
B100111,10,0,16.1,1,0.112
B100112,11,1,4.9,0,0.356
B100113,1,0,18.2,1,0.325
B100114,4,0,12,0,0.367
B100115,11,0,1.9,2,0.335
B100116,9,0,6.3,1,0.701
B100117,1,0,21.5,3,0.184
B100118,6,0,18,1,0.267
B100119,6,0,27.4,0,0.412
B100120,11,0,25.9,4,0.415
B100121,2,0,17,2,0.088
B100122,1,0,5.2,2,0.665
B100123,1,0,10.1,1,0.25
B100124,10,0,7.3,1,0.318
B100125,5,1,13.7,1,0.405
B100126,11,1,22.6,1,0.193
B100127,5,0,23.2,1,0.444
B100128,11,0,5.8,2,0.126
B100129,10,0,15.8,2,0.348
B100130,7,0,19.3,0,0.289
B100131,9,0,11.7,2,0.117
B100132,4,0,25.4,2,0.378
B100133,4,0,10.7,2,0.106
B100134,11,0,14.2,2,0.288
B100135,11,1,16.8,3,0.205
B100136,7,0,12.5,0,0.202
B100137,9,2,27,3,0.325
B100138,7,0,21.5,3,0.589
B100139,8,1,23.4,2,0.228
B100140,10,0,21.3,2,0.08
B100141,7,1,16.9,1,0.095
B100142,9,0,1.8,3,0.352
B100143,6,0,21.6,1,0.724
B100144,11,1,17.5,2,0.106
B100145,9,0,3.2,1,0.336
B100146,3,1,4.2,3,0.515
B100147,4,0,14,3,0.081
B100148,9,0,24,4,0.458
B100149,2,0,16,2,0.185
B100150,2,3,25.8,2,0.428
B100151,10,4,23,1,0.218
B100152,8,0,18,3,0.194
B100153,11,1,9.5,3,0.026
B100154,10,1,24,0,0.268
B100155,6,0,18.8,2,0.305
B100156,5,0,15.9,1,0.354
B100157,2,0,14.5,1,0.378
B100158,1,0,6.7,1,0.461
B100159,3,1,1.4,2,0.433
B100160,11,2,20.3,1,0.179
B100161,6,0,25.8,0,0.081
B100162,11,0,6,0,0.064
B100163,11,0,26.2,0,0.214
B100164,5,0,2.9,3,0.181
B100165,6,1,15.9,2,0.322
B100166,11,0,4.1,1,0.083
B100167,7,0,25,2,0.6
B100168,7,0,3.8,3,0.089
B100169,3,0,7.8,0,0.144
B100170,11,0,22.8,2,0.318
B100171,10,0,19.6,0,0.478
B100172,8,1,11.5,0,0.14
B100173,8,1,23.6,2,0.245
B100174,11,0,18.2,0,0.29
B100175,3,0,8,1,0.341
B100176,6,0,21,1,0.114
B100177,9,0,10,0,0.505
B100178,1,0,23,1,0.192
B100179,11,0,22.1,2,0.157
B100180,2,0,9.3,1,0.347
B100181,2,1,3.8,2,0.123
B100182,5,1,23.2,2,0.368
B100183,6,1,10.8,1,0.193
B100184,3,0,9.8,0,0.202
B100185,4,0,1.5,0,0.211
B100186,10,0,20.6,2,0.277
B100187,2,0,8.4,0,0.155
B100188,3,1,12.8,1,0.171
B100189,8,1,25.3,2,0.631
B100190,5,0,4.4,1,0.148
B100191,2,0,2,2,0.169
B100192,10,0,16.1,1,0.455
B100193,10,0,19.9,2,0.332
B100194,11,1,15.3,3,0.162
B100195,2,1,10.2,5,0.202
B100196,4,0,10.8,4,0.245
B100197,9,0,5,4,0.151
B100198,6,1,9.4,0,0.508
B100199,1,0,21.5,1,0.368
B100200,11,0,14.5,2,0.153
B100201,4,0,25.1,2,0.362
B100202,3,0,5.5,2,0.477
B100203,1,1,12.9,1,0.069
B100204,6,0,19.9,1,0.329
B100205,10,0,8.4,1,0.28
B100206,1,1,8.2,3,0.166
B100207,1,0,3.9,0,0.173
B100208,7,0,25.1,2,0.219
B100209,1,0,5.7,1,0.226
B100210,11,0,27.2,0,0.446
B100211,3,1,13.1,1,0.181
B100212,5,2,27.5,2,0.29
B100213,3,0,2.1,0,0.264
B100214,6,0,16.3,5,0.448
B100215,9,0,19.7,1,0.509
B100216,2,0,14.9,1,0.212
B100217,7,0,16.4,0,0.245
B100218,4,1,15.5,0,0.096
B100219,11,1,5,2,0.19
B100220,6,1,15.4,1,0.115
B100221,10,0,15.6,0,0.364
B100222,10,0,10.6,2,0.083
B100223,6,0,17.4,2,0.115
B100224,8,1,12.1,1,0.506
B100225,7,0,21.4,1,0.436
B100226,5,0,2,0,0.152
B100227,7,1,1.3,0,0.336
B100228,6,0,15.1,3,0.49
B100229,5,0,27.7,3,0.269
B100230,9,1,13,1,0.469
B100231,4,0,1.3,1,0.192
B100232,7,0,9.6,1,0.1
B100233,7,1,13.6,0,0.264
B100234,3,0,25.3,4,0.207
B100235,8,0,4.3,0,0.379
B100236,9,0,26,3,0.208
B100237,11,0,26.4,1,0.233
B100238,5,0,18.3,0,0.202
B100239,1,0,7.1,1,0.26
B100240,1,0,15.5,0,0.168
B100241,5,0,23,0,0.116
B100242,2,0,10.7,5,0.514
B100243,2,0,25.4,0,0.547
B100244,6,0,3.3,2,0.361
B100245,5,0,9.3,1,0.333
B100246,11,1,27.8,2,0.175
B100247,2,0,16.8,3,0.318
B100248,5,0,16.9,4,0.513
B100249,11,0,7.5,1,0.502
B100250,4,0,24.2,3,0.225
B100251,6,1,12.6,0,0.144
B100252,1,0,22.4,2,0.039
B100253,3,0,22.9,2,0.616
B100254,5,1,5.7,1,0.075
B100255,8,0,14.5,0,0.061
B100256,2,0,11.4,1,0.157
B100257,8,0,5.2,3,0.18
B100258,8,0,4.3,1,0.265
B100259,6,0,2.2,0,0.068
B100260,5,0,20,2,0.271
B100261,7,0,22.1,1,0.398
B100262,6,0,13.7,3,0.028
B100263,9,0,16.2,5,0.214
B100264,2,0,8.1,2,0.042
B100265,6,0,20.3,1,0.588
B100266,11,0,16.8,0,0.397
B100267,7,0,24.8,4,0.522
B100268,1,0,21.1,0,0.108
B100269,9,0,1.5,1,0.337
B100270,8,0,22.9,0,0.275
B100271,5,0,1.7,0,0.109
B100272,5,0,23,1,0.076
B100273,9,0,27.7,0,0.07
B100274,2,0,14,4,0.39
B100275,6,1,7.1,1,0.396
B100276,4,0,1.3,3,0.474
B100277,4,0,5.1,2,0.105
B100278,8,0,14.6,1,0.184
B100279,3,0,22.8,0,0.102
B100280,11,1,24.5,2,0.252
B100281,8,0,19.5,3,0.241
B100282,10,0,3.3,0,0.27
B100283,5,0,27.8,0,0.075
B100284,2,0,21.2,1,0.413
B100285,5,1,12.5,2,0.275
B100286,4,1,23,1,0.246
B100287,9,1,16.9,1,0.323
B100288,6,0,17.3,1,0.081
B100289,11,0,27.2,1,0.178
B100290,3,0,22.6,1,0.483
B100291,2,0,8.1,0,0.145
B100292,7,1,5.7,4,0.393
B100293,1,0,5.7,3,0.168
B100294,5,0,13.3,3,0.169
B100295,5,0,11.5,1,0.302
B100296,4,0,13.2,1,0.374
B100297,3,1,2.7,3,0.622
B100298,9,0,6.5,2,0.802
B100299,4,1,22.5,2,0.459
B100300,9,0,21.5,1,0.485
B100301,7,0,11.6,2,0.557
B100302,9,0,11.5,1,0.116
B100303,2,1,24.9,0,0.115
B100304,2,0,5.9,0,0.209
B100305,8,0,10.6,4,0.353
B100306,9,0,21.6,0,0.045
B100307,2,0,16.5,0,0.09
B100308,6,2,2.6,2,0.208
B100309,6,0,1.3,0,0.32
B100310,7,1,1.5,1,0.585
B100311,5,0,18.7,1,0.311
B100312,3,0,17.8,0,0.307
B100313,10,1,2.2,2,0.147
B100314,11,0,4.6,1,0.786
B100315,3,0,20.5,3,0.443
B100316,6,0,9.4,1,0.054
B100317,1,0,27.8,2,0.403
B100318,8,1,9.4,2,0.19
B100319,7,0,10.1,1,0.121
B100320,7,0,12.3,2,0.23
B100321,6,1,23.3,1,0.718
B100322,3,0,16,0,0.384
B100323,9,0,24.1,1,0.339
B100324,10,1,12.5,4,0.209
B100325,11,1,17.4,1,0.216
B100326,6,0,1.1,0,0.354
B100327,6,0,16.5,3,0.435
B100328,6,0,3.2,3,0.206
B100329,6,0,6.2,1,0.6
B100330,6,0,27.9,1,0.405
B100331,4,0,18.2,1,0.399
B100332,2,0,24.5,2,0.504
B100333,1,0,2.5,0,0.169
B100334,8,0,11.4,1,0.688
B100335,5,2,24.3,2,0.216
B100336,3,0,12.1,1,0.043
B100337,9,0,7.8,3,0.351
B100338,3,0,14,3,0.1
B100339,5,0,13.7,1,0.266
B100340,2,0,27.7,1,0.483
B100341,6,0,10.6,2,0.384
B100342,9,0,26.8,1,0.298
B100343,1,0,25.6,2,0.266
B100344,11,0,13.1,3,0.02
B100345,3,1,26.5,2,0.302
B100346,10,0,20.7,5,0.265
B100347,1,1,24.9,1,0.629
B100348,5,2,25.1,2,0.534
B100349,5,0,3.3,0,0.092
B100350,4,0,25.2,1,0.4
B100351,5,0,14.2,2,0.131
B100352,8,0,18.2,1,0.182
B100353,8,0,9.1,3,0.115
B100354,6,0,18.4,4,0.424
B100355,4,0,1.7,3,0.487
B100356,11,0,11,1,0.23
B100357,4,0,18,3,0.199
B100358,5,3,6.3,3,0.615
B100359,5,0,19.2,0,0.323
B100360,2,0,23.4,1,0.091
B100361,6,0,2,1,0.272
B100362,7,1,17.3,1,0.135
B100363,3,0,16.7,3,0.214
B100364,10,0,22.1,1,0.468
B100365,4,0,19.8,1,0.138
B100366,9,0,13.3,3,0.076
B100367,4,0,10.6,1,0.149
B100368,10,1,27.6,1,0.266
B100369,11,0,14.5,1,0.29
B100370,7,0,12,3,0.242
B100371,2,1,27.8,0,0.412
B100372,5,0,5.9,2,0.48
B100373,6,0,6,1,0.335
B100374,2,1,27.4,1,0.357
B100375,1,0,18.8,2,0.116
B100376,9,0,15,2,0.414
B100377,7,0,2.8,0,0.249
B100378,8,0,10.6,3,0.211
B100379,5,0,12.7,0,0.306
B100380,5,0,14.8,1,0.02
B100381,1,0,12.8,0,0.189
B100382,3,1,12.8,1,0.431
B100383,7,0,27.9,2,0.421
B100384,10,0,27.3,2,0.104
B100385,9,0,3.3,0,0.168
B100386,8,0,5.6,1,0.384
B100387,11,0,26.4,3,0.323
B100388,5,1,9.6,3,0.488
B100389,3,0,17.5,5,0.106
B100390,9,1,22.5,2,0.29
B100391,4,0,13.7,2,0.331
B100392,9,2,1.4,2,0.27
B100393,3,0,23.4,0,0.375
B100394,7,0,21.4,1,0.382
B100395,1,0,2.1,2,0.335
B100396,10,0,25.2,2,0.234
B100397,11,0,24.1,1,0.082
B100398,5,1,8.4,1,0.626
B100399,9,0,3.2,4,0.523
B100400,11,0,11.9,1,0.345
B100401,9,0,24.6,1,0.149
B100402,6,0,14,3,0.427
B100403,11,1,8.6,3,0.355
B100404,6,0,7.3,1,0.574
B100405,3,0,10.6,0,0.53
B100406,9,1,27.8,2,0.604
B100407,1,0,24.7,0,0.291
B100408,7,0,15.8,2,0.182
B100409,3,0,22.8,6,0.297
B100410,2,0,9.5,4,0.476
B100411,5,0,17.6,1,0.199
B100412,5,0,24.6,2,0.255
B100413,2,0,10.9,1,0.174
B100414,8,0,22.6,2,0.075
B100415,2,0,17.6,3,0.227
B100416,8,0,17.6,3,0.309
B100417,6,2,2.1,0,0.436
B100418,10,0,25.3,4,0.213
B100419,4,0,22,0,0.432
B100420,3,0,2,1,0.198
B100421,9,3,17.5,1,0.48
B100422,6,0,21.1,0,0.32
B100423,5,0,22.5,2,0.176
B100424,10,0,3.4,1,0.393
B100425,3,0,18.3,0,0.306
B100426,3,0,7.3,0,0.312
B100427,6,0,13.2,1,0.22
B100428,10,0,15.2,0,0.159
B100429,4,1,1.7,3,0.2
B100430,4,0,9.1,0,0.097
B100431,11,0,22.5,2,0.112
B100432,8,2,23.7,1,0.166
B100433,2,3,9.9,4,0.567
B100434,6,0,12.9,1,0.484
B100435,9,1,23.4,4,0.382
B100436,3,1,6.4,4,0.066
B100437,5,0,20.7,1,0.18
B100438,11,1,12,3,0.402
B100439,7,3,27.7,2,0.767
B100440,1,0,17.2,2,0.404
B100441,8,0,5,1,0.407
B100442,6,0,5.6,1,0.561
B100443,4,0,1.7,4,0.744
B100444,11,1,20.3,1,0.602
B100445,6,1,13,4,0.226
B100446,2,0,1.3,0,0.104
B100447,4,0,3.7,1,0.362
B100448,8,0,8.8,2,0.086
B100449,4,0,12.5,5,0.345
B100450,5,0,26.3,2,0.562
B100451,2,1,15.6,2,0.118
B100452,3,0,25.1,1,0.497
B100453,3,0,7.8,0,0.107
B100454,2,0,10,1,0.09
B100455,8,0,24.8,3,0.125
B100456,11,1,14.3,4,0.343
B100457,3,0,16.9,1,0.307
B100458,11,0,16.5,1,0.082
B100459,1,0,18.4,0,0.174
B100460,2,0,16.9,1,0.477
B100461,8,0,19.7,2,0.252
B100462,1,0,5,2,0.157
B100463,1,0,20.2,2,0.135
B100464,11,0,5.1,1,0.169
B100465,1,0,10.2,2,0.666
B100466,10,2,23.4,1,0.275
B100467,8,0,17.4,0,0.254
B100468,6,0,27.1,1,0.439
B100469,7,0,7.8,0,0.333
B100470,4,0,25.9,1,0.256
B100471,8,0,18.3,2,0.351
B100472,2,1,11,1,0.233
B100473,9,0,22.2,1,0.13
B100474,4,0,26.8,2,0.185
B100475,1,1,22,2,0.285
B100476,2,0,1.2,4,0.434
B100477,8,0,1.3,1,0.318
B100478,9,0,4.4,0,0.706
B100479,5,0,24,5,0.02
B100480,4,0,21.3,1,0.084
B100481,10,1,18.3,1,0.217
B100482,7,1,19.8,1,0.102
B100483,2,1,17.7,3,0.465
B100484,7,0,10.4,1,0.135
B100485,9,2,20.5,3,0.29
B100486,2,1,26.2,0,0.209
B100487,8,0,21.2,1,0.086
B100488,6,2,24.4,3,0.402
B100489,6,0,7.4,1,0.521
B100490,4,0,10.4,5,0.036
B100491,9,1,14.7,4,0.512
B100492,8,0,13.7,1,0.697
B100493,7,0,13.6,2,0.248
B100494,5,0,18.3,1,0.194
B100495,5,0,24.1,1,0.172
B100496,2,1,25,3,0.149
B100497,5,0,5.1,0,0.13
B100498,3,0,3.4,0,0.43
B100499,7,1,9.4,0,0.611
B100500,9,0,20.9,2,0.488
B100501,10,0,22.4,1,0.232
B100502,6,2,11.3,1,0.605
B100503,11,0,9.4,1,0.328
B100504,10,0,4.5,2,0.088
B100505,7,0,7.4,2,0.309
B100506,7,0,3.7,0,0.103
B100507,7,0,9.2,1,0.281
B100508,4,0,19.3,3,0.203
B100509,6,0,4.5,1,0.228
B100510,7,0,9.7,2,0.144
B100511,10,1,15.3,0,0.387
B100512,11,0,9.8,1,0.473
B100513,4,0,12.9,2,0.489
B100514,9,0,14.4,0,0.18
B100515,11,0,21.9,0,0.165
B100516,9,0,23.8,0,0.153
B100517,4,1,6.2,2,0.361
B100518,8,1,11,0,0.138
B100519,8,0,16.5,1,0.389
B100520,2,0,14.5,0,0.192
B100521,6,0,3.2,1,0.152
B100522,9,0,10.3,1,0.301
B100523,8,0,7.1,1,0.576
B100524,1,0,12.3,1,0.103
B100525,5,0,10.1,2,0.213
B100526,5,0,19.8,0,0.228
B100527,9,0,11.8,1,0.027
B100528,2,0,7.5,1,0.259
B100529,5,1,17.7,1,0.258
B100530,1,0,20.6,1,0.526
B100531,8,0,3.9,1,0.31
B100532,8,1,7.8,2,0.281
B100533,2,0,6.6,2,0.33
B100534,10,0,6.4,0,0.133
B100535,1,0,25.4,2,0.687
B100536,3,0,4.4,0,0.128
B100537,9,0,24.5,0,0.582
B100538,7,2,11.6,2,0.187
B100539,7,0,18.3,1,0.368
B100540,10,1,12.9,1,0.254
B100541,4,0,17.2,0,0.138
B100542,5,0,15.9,3,0.281
B100543,7,0,12.7,3,0.172
B100544,2,1,8.4,0,0.135
B100545,3,0,26.1,0,0.138
B100546,3,0,25.7,0,0.329
B100547,11,1,2.9,3,0.442
B100548,7,0,7,2,0.221
B100549,7,0,16.5,0,0.27
B100550,11,0,27.5,1,0.59
B100551,6,0,20.6,0,0.39
B100552,1,0,23.1,1,0.195
B100553,10,0,9.5,0,0.413
B100554,11,0,6.9,1,0.207
B100555,8,0,7.1,3,0.125
B100556,10,0,14,2,0.359
B100557,10,0,24.2,2,0.496
B100558,4,0,6.8,1,0.645
B100559,8,0,16.4,2,0.065
B100560,7,0,22.8,4,0.645
B100561,1,1,14.5,0,0.427
B100562,7,0,12.3,1,0.068
B100563,4,0,10.4,1,0.129
B100564,5,0,17.2,1,0.272
B100565,6,1,23.1,0,0.124
B100566,5,0,27.9,2,0.225
B100567,2,0,24.5,2,0.409
B100568,8,0,13.2,2,0.39
B100569,8,0,3.1,2,0.068
B100570,5,0,4.3,2,0.493
B100571,5,0,1.8,2,0.217
B100572,7,0,10.8,1,0.399
B100573,2,0,14,1,0.368
B100574,5,2,23.2,1,0.083
B100575,1,1,3.3,2,0.138
B100576,4,0,7.2,1,0.284
B100577,8,0,14.8,2,0.197
B100578,1,0,23.9,0,0.586
B100579,10,0,3.4,4,0.178
B100580,1,0,7.6,1,0.168
B100581,4,1,15.7,1,0.188
B100582,10,0,9.8,2,0.244
B100583,5,0,27.8,0,0.336
B100584,9,1,13.2,1,0.22
B100585,5,0,25.6,1,0.287
B100586,1,1,26.4,2,0.456
B100587,11,0,8,0,0.46
B100588,3,2,9.8,1,0.875
B100589,4,0,9.8,1,0.222
B100590,7,1,12.8,0,0.431
B100591,2,0,2.7,1,0.22
B100592,4,0,22.8,1,0.396
B100593,8,1,4.5,0,0.509
B100594,5,0,25.1,3,0.293
B100595,6,0,16.6,0,0.289
B100596,3,1,14,2,0.517
B100597,4,0,18.8,1,0.686
B100598,9,0,26.2,1,0.322
B100599,2,1,9,1,0.252
B100600,3,0,8.3,1,0.235
B100601,2,0,11,1,0.188
B100602,2,1,14.1,0,0.373
B100603,11,0,3,1,0.021
B100604,9,0,19.4,0,0.185
B100605,8,2,15.1,2,0.443
B100606,7,0,15.6,4,0.36
B100607,9,0,7.7,0,0.247
B100608,8,0,23.7,0,0.126
B100609,9,0,11.7,0,0.18
B100610,2,1,18.6,4,0.363
B100611,7,0,7.5,0,0.266
B100612,9,1,23,3,0.208
B100613,9,0,9.1,4,0.332
B100614,8,1,25.9,3,0.085
B100615,1,0,13.3,0,0.388
B100616,3,1,4.9,1,0.225
B100617,8,0,17.5,1,0.116
B100618,3,1,16,0,0.325
B100619,4,0,12.4,0,0.221
B100620,10,0,23.1,0,0.317
B100621,2,0,12.4,1,0.27
B100622,3,0,4.7,1,0.164
B100623,5,0,1.8,1,0.142
B100624,11,1,25.1,1,0.332
B100625,6,0,13.6,4,0.211
B100626,6,0,16.2,1,0.29
B100627,7,1,4.1,1,0.396
B100628,10,2,14.2,0,0.379
B100629,8,0,15.4,3,0.228
B100630,6,0,13.6,1,0.497
B100631,10,1,26.8,2,0.136
B100632,6,0,16.4,4,0.201
B100633,2,1,27.3,1,0.536
B100634,3,0,5.1,0,0.622
B100635,6,0,25.7,2,0.589
B100636,6,0,15.9,3,0.103
B100637,6,0,9,0,0.092
B100638,4,0,21.1,2,0.223
B100639,11,2,16,0,0.488
B100640,2,0,16.5,2,0.135
B100641,8,0,5.6,1,0.282
B100642,2,0,19.4,1,0.161
B100643,3,2,8.9,1,0.384
B100644,1,0,10.6,3,0.24
B100645,9,2,25.5,2,0.07
B100646,3,0,5.8,1,0.207
B100647,2,0,24.9,0,0.273
B100648,6,1,14.5,1,0.45
B100649,8,0,5.8,0,0.336
B100650,4,0,22.9,1,0.195
B100651,1,1,18.6,1,0.328
B100652,7,1,10.4,1,0.382
B100653,3,2,9.1,1,0.444
B100654,5,0,12.4,0,0.312
B100655,11,0,4.7,2,0.323
B100656,2,0,22.8,1,0.328
B100657,8,0,8.5,1,0.31
B100658,3,1,23.3,1,0.313
B100659,9,1,20.7,3,0.146
B100660,1,0,26.4,1,0.208
B100661,6,1,3.7,0,0.227
B100662,3,1,10.4,2,0.344
B100663,4,0,17.8,1,0.13
B100664,11,3,24.2,2,0.482
B100665,4,0,5.2,2,0.191
B100666,8,0,24.3,3,0.113
B100667,9,0,2.8,0,0.347
B100668,5,1,13.8,3,0.394
B100669,11,0,3.3,2,0.357
B100670,10,0,5,1,0.389
B100671,10,0,21.9,1,0.169
B100672,3,1,1.5,0,0.665
B100673,9,0,16,1,0.268
B100674,1,1,3.7,4,0.258
B100675,1,0,22.9,2,0.138
B100676,3,0,22.8,1,0.525
B100677,2,0,20,4,0.431
B100678,8,2,21.4,1,0.34
B100679,5,0,17,0,0.36
B100680,10,0,14.1,1,0.369
B100681,1,0,12.1,1,0.351
B100682,3,0,18.9,2,0.563
B100683,3,0,11.3,2,0.55
B100684,2,0,1.1,3,0.512
B100685,9,1,3.7,1,0.413
B100686,1,0,18.6,4,0.301
B100687,10,0,10.9,0,0.296
B100688,5,0,27.7,4,0.184
B100689,9,0,10.6,2,0.152
B100690,3,0,3.9,1,0.444
B100691,10,1,9.9,0,0.311
B100692,3,0,19.5,1,0.112
B100693,7,0,15.3,2,0.276
B100694,1,0,17.5,3,0.058
B100695,9,0,4,2,0.445
B100696,7,0,23.3,0,0.198
B100697,8,0,25.4,3,0.193
B100698,2,0,4.9,0,0.439
B100699,3,0,17.9,1,0.354
B100700,9,0,7.2,1,0.41
B100701,4,0,5.9,0,0.199
B100702,5,0,6.5,1,0.447
B100703,9,0,15.1,3,0.107
B100704,10,0,24.9,0,0.485
B100705,8,0,23.1,2,0.321
B100706,5,0,4.9,3,0.139
B100707,11,2,14.8,3,0.477
B100708,2,0,5.1,3,0.069
B100709,3,0,12.8,2,0.381
B100710,3,1,16.2,1,0.116
B100711,7,0,22.9,2,0.269
B100712,6,0,24.3,4,0.045
B100713,7,1,1.7,2,0.333
B100714,8,0,19.6,0,0.19
B100715,11,0,12.1,2,0.158
B100716,5,1,14.4,0,0.36
B100717,6,0,7,1,0.148
B100718,1,0,1.9,3,0.535
B100719,4,0,23.6,1,0.22
B100720,6,1,7.2,2,0.376
B100721,4,0,24.8,1,0.31
B100722,1,0,2.9,1,0.238
B100723,3,1,12,1,0.146
B100724,3,0,21,0,0.429
B100725,3,0,7.9,2,0.484
B100726,4,0,27.1,3,0.303
B100727,11,1,18.2,0,0.351
B100728,9,0,6.9,1,0.054
B100729,9,0,22.4,0,0.255
B100730,8,0,27.6,1,0.065
B100731,3,0,7.7,3,0.438
B100732,2,0,23.2,1,0.168
B100733,3,0,27.4,0,0.302
B100734,11,0,7,2,0.223
B100735,5,0,7.3,1,0.488
B100736,7,0,20.4,2,0.089
B100737,2,0,26.7,0,0.252
B100738,6,0,19.8,1,0.085
B100739,11,0,14.6,2,0.545
B100740,11,0,3.8,0,0.205
B100741,2,1,26,2,0.069
B100742,1,0,2.9,2,0.131
B100743,11,0,6.7,1,0.094
B100744,3,0,13.2,1,0.379
B100745,4,1,14.5,6,0.717
B100746,2,0,2.5,0,0.439
B100747,3,1,3.2,1,0.637
B100748,6,0,4.4,1,0.069
B100749,9,0,2.1,1,0.467
B100750,2,0,27.4,2,0.229
B100751,7,0,7.4,2,0.307
B100752,1,0,24.7,3,0.381
B100753,4,0,22.2,1,0.284
B100754,2,0,20.1,2,0.186
B100755,4,0,18.8,1,0.411
B100756,2,1,14.5,2,0.133
B100757,3,0,16.2,0,0.545
B100758,8,0,25,2,0.247
B100759,4,0,22,1,0.166
B100760,6,0,7.2,1,0.307
B100761,9,0,3.8,3,0.14
B100762,8,2,8.9,2,0.223
B100763,2,1,4.6,1,0.084
B100764,2,1,26.8,1,0.586
B100765,3,0,11.3,2,0.266
B100766,2,0,5.7,0,0.083
B100767,3,1,17.8,0,0.162
B100768,2,2,11.8,0,0.342
B100769,6,0,6.9,1,0.476
B100770,9,2,2.6,4,0.461
B100771,8,0,3.5,2,0.474
B100772,6,0,16.2,3,0.073
B100773,4,0,21.3,1,0.153
B100774,10,1,26,2,0.27
B100775,5,0,16.8,1,0.375
B100776,4,2,18.6,3,0.128
B100777,5,0,7.5,2,0.167
B100778,2,0,8.4,2,0.209
B100779,8,0,12.3,1,0.214
B100780,1,1,24.5,1,0.288
B100781,9,0,12.8,0,0.236
B100782,1,1,7.5,1,0.287
B100783,5,1,25.8,2,0.145
B100784,9,0,12.1,1,0.29
B100785,1,0,3.1,1,0.501
B100786,1,0,15.7,1,0.46
B100787,3,0,17.9,1,0.278
B100788,8,1,26.8,1,0.089
B100789,3,0,22.8,3,0.282
B100790,2,0,3.7,4,0.521
B100791,6,0,14.8,2,0.337
B100792,10,3,12.7,2,0.08
B100793,5,1,11.6,2,0.767
B100794,11,1,4.8,2,0.174
B100795,9,0,11.1,2,0.171
B100796,11,0,13.7,1,0.232
B100797,3,0,6.9,0,0.195
B100798,4,1,16.5,1,0.246
B100799,11,1,7,2,0.502
B100800,10,1,4.3,1,0.227
B100801,8,0,27.6,0,0.332
B100802,11,3,19.6,2,0.547
B100803,2,2,17.1,0,0.423
B100804,5,1,9.8,3,0.283
B100805,9,0,6.6,4,0.241
B100806,11,0,4.6,0,0.127
B100807,9,2,2.7,1,0.335
B100808,10,0,19.9,0,0.158
B100809,9,0,8.5,1,0.072
B100810,11,0,9.6,0,0.577
B100811,1,0,5.3,0,0.098
B100812,1,1,4.2,0,0.199
B100813,1,0,14.4,2,0.315
B100814,8,0,20.6,1,0.363
B100815,4,0,27.8,2,0.093
B100816,9,2,10.2,2,0.349
B100817,11,0,18.9,1,0.271
B100818,6,0,4.1,2,0.525
B100819,3,0,16,1,0.351
B100820,8,0,15,2,0.474
B100821,1,0,1.9,1,0.312
B100822,2,0,14,0,0.333
B100823,8,0,14.4,1,0.275
B100824,1,0,11,0,0.285
B100825,11,1,16.5,2,0.259
B100826,5,2,2.2,2,0.148
B100827,3,0,23.8,1,0.338
B100828,2,0,15.1,0,0.223
B100829,4,0,1.9,1,0.168
B100830,2,0,27.6,2,0.183
B100831,5,0,11.3,0,0.308
B100832,8,0,27.6,1,0.188
B100833,4,1,5.9,0,0.175
B100834,7,0,1.8,2,0.328
B100835,5,0,20.3,1,0.502
B100836,9,0,26.5,3,0.458
B100837,2,0,3.1,1,0.564
B100838,2,0,20.9,2,0.103
B100839,1,0,2.9,0,0.349
B100840,4,0,22.4,0,0.203
B100841,8,0,16.7,3,0.202
B100842,5,0,22.1,3,0.345
B100843,5,0,11,4,0.141
B100844,4,0,25.4,3,0.088
B100845,7,0,9.2,1,0.226
B100846,10,1,8.6,0,0.055
B100847,8,0,26.9,0,0.268
B100848,9,0,4.3,6,0.167
B100849,6,0,17,1,0.602
B100850,9,0,16.5,3,0.534
B100851,11,0,7.4,0,0.373
B100852,1,1,9.6,1,0.274
B100853,3,0,8.7,5,0.222
B100854,1,0,23.8,0,0.348
B100855,11,0,11.5,1,0.505
B100856,5,0,10.7,1,0.135
B100857,8,0,18.2,1,0.099
B100858,6,0,14.4,5,0.284
B100859,10,1,12.5,5,0.322
B100860,5,0,20.2,1,0.515
B100861,1,0,12.1,2,0.099
B100862,1,0,7,1,0.352
B100863,5,0,21,3,0.057
B100864,5,0,2.8,1,0.088
B100865,8,0,28,1,0.292
B100866,2,0,17.1,4,0.051
B100867,7,0,6.8,0,0.339
B100868,5,2,6.4,2,0.143
B100869,2,0,8.4,0,0.089
B100870,5,0,24.7,2,0.271
B100871,9,0,23.3,1,0.062
B100872,5,1,4.9,1,0.327
B100873,5,0,17.2,3,0.325
B100874,11,1,25.6,1,0.328
B100875,2,0,20.8,0,0.128
B100876,9,0,16.9,1,0.397
B100877,2,0,6.6,4,0.094
B100878,5,1,26.5,0,0.283
B100879,2,0,25.1,1,0.548
B100880,2,0,9.7,1,0.292
B100881,6,1,14.4,1,0.369
B100882,10,0,3.2,1,0.444
B100883,3,1,18,2,0.078
B100884,10,0,2.5,2,0.511
B100885,9,0,25.5,2,0.185
B100886,6,0,24.8,1,0.2
B100887,10,0,8.6,2,0.233
B100888,10,0,21,1,0.349
B100889,2,0,12.9,1,0.135
B100890,1,1,23.8,2,0.282
B100891,2,2,2.7,1,0.332
B100892,10,1,14.7,1,0.566
B100893,6,2,11.7,1,0.281
B100894,2,0,8,0,0.247
B100895,7,0,6.7,0,0.233
B100896,7,1,19.3,3,0.103
B100897,1,0,6.5,1,0.18
B100898,6,0,18.1,0,0.052
B100899,5,0,11.5,3,0.05
B100900,8,0,7.6,2,0.129
B100901,8,1,22.2,3,0.16
B100902,9,1,10.8,2,0.435
B100903,2,1,1.4,3,0.25
B100904,11,1,24,1,0.308
B100905,1,0,9.5,1,0.291
B100906,10,0,23.2,0,0.225
B100907,6,0,15.8,2,0.323
B100908,2,0,24.8,1,0.044
B100909,5,0,12.3,2,0.213
B100910,1,0,5.6,2,0.334
B100911,1,1,1.5,2,0.335
B100912,5,0,22,0,0.237
B100913,6,0,22,0,0.303
B100914,11,0,6.3,0,0.117
B100915,7,2,26.8,1,0.298
B100916,11,0,26.6,0,0.082
B100917,4,0,10.9,3,0.503
B100918,4,0,5,0,0.158
B100919,5,0,8.7,2,0.284
B100920,6,0,26.1,0,0.039
B100921,8,0,17.5,3,0.093
B100922,9,0,25.7,0,0.288
B100923,7,2,1.6,2,0.163
B100924,10,0,27.8,1,0.335
B100925,3,0,18,1,0.363
B100926,6,0,6,1,0.072
B100927,9,0,14.7,1,0.146
B100928,6,1,23.1,3,0.695
B100929,11,0,4.8,0,0.456
B100930,10,0,17.4,0,0.133
B100931,8,0,19.7,1,0.262
B100932,8,1,12.1,1,0.474
B100933,4,0,15.6,1,0.216
B100934,7,0,23.6,2,0.422
B100935,7,1,26.7,0,0.123
B100936,7,0,16,4,0.301
B100937,8,0,20,0,0.219
B100938,2,0,9.7,1,0.243
B100939,2,0,10,2,0.243
B100940,6,0,25,1,0.059
B100941,11,1,3.7,1,0.354
B100942,6,0,6.5,0,0.531
B100943,5,0,8.3,0,0.488
B100944,2,1,3.5,1,0.366
B100945,8,0,19,2,0.18
B100946,3,1,25.5,0,0.072
B100947,1,0,1.7,2,0.203
B100948,1,1,7.8,2,0.554
B100949,7,0,25.9,1,0.245
B100950,7,0,13.6,3,0.501
B100951,6,0,24.9,1,0.509
B100952,6,0,26.5,0,0.224
B100953,5,0,27.8,3,0.304
B100954,6,0,11.7,1,0.086
B100955,2,0,10.3,0,0.219
B100956,5,1,21.2,7,0.219
B100957,2,1,17.1,1,0.411
B100958,3,0,18.8,3,0.405
B100959,5,0,15.4,1,0.644
B100960,1,0,14.9,0,0.122
B100961,11,0,9.5,0,0.498
B100962,3,0,17.1,2,0.157
B100963,10,1,8.2,0,0.026
B100964,6,0,10.6,2,0.213
B100965,2,2,18,0,0.416
B100966,3,1,18.2,1,0.1
B100967,9,0,16.6,1,0.236
B100968,8,0,19.2,1,0.366
B100969,3,0,12.1,0,0.326
B100970,7,1,17,2,0.693
B100971,4,0,3.6,3,0.075
B100972,7,0,14.1,3,0.274
B100973,5,0,16.8,0,0.375
B100974,2,0,12.4,0,0.23
B100975,6,0,1.5,2,0.505
B100976,1,0,19.9,2,0.184
B100977,6,0,13.3,0,0.414
B100978,1,0,5.2,3,0.15
B100979,3,0,27.3,1,0.295
B100980,11,0,26.4,0,0.45
B100981,10,0,5.3,2,0.366
B100982,7,0,20.1,2,0.474
B100983,2,0,15,0,0.24
B100984,9,0,8.8,1,0.269
B100985,3,0,19.5,2,0.241
B100986,3,0,13.1,0,0.156
B100987,7,0,25.3,4,0.429
B100988,1,0,20,2,0.656
B100989,5,1,14.7,0,0.429
B100990,10,0,13.2,1,0.433
B100991,3,0,1.9,3,0.297
B100992,1,1,5.3,0,0.41
B100993,7,0,2.2,0,0.229
B100994,10,1,2.7,1,0.209
B100995,7,0,2.8,4,0.178
B100996,9,0,1.4,0,0.169
B100997,7,0,22.4,0,0.209
B100998,4,0,13.9,2,0.454
B100999,3,0,21.2,2,0.283
B101000,6,0,5.5,1,0.086
B101001,6,0,23.7,4,0.466
B101002,2,1,3.5,1,0.208
B101003,7,0,9.7,0,0.193
B101004,1,0,11,1,0.207
B101005,9,1,7.4,2,0.223
B101006,2,0,4.7,1,0.079
B101007,3,0,18,2,0.423
B101008,6,0,1.2,0,0.082
B101009,11,0,22.4,0,0.182
B101010,7,0,2.1,1,0.283
B101011,1,0,27,1,0.308
B101012,3,2,24.4,1,0.143
B101013,6,1,12.2,0,0.216
B101014,4,0,4.9,2,0.464
B101015,5,1,24.5,1,0.154
B101016,3,1,18.4,2,0.569
B101017,8,0,14.6,3,0.093
B101018,1,0,9.6,3,0.205
B101019,11,2,16.2,1,0.248
B101020,10,1,12.2,1,0.052
B101021,7,0,13.6,0,0.136
B101022,2,0,23.8,0,0.513
B101023,8,0,26.7,0,0.274
B101024,3,0,27,1,0.474
B101025,4,0,25.5,4,0.408
B101026,2,0,22.7,1,0.316
B101027,5,0,13.2,1,0.133
B101028,9,0,3.4,2,0.609
B101029,4,1,18,0,0.301
B101030,7,0,11.9,2,0.291
B101031,8,1,19.6,1,0.354
B101032,10,0,7,3,0.19
B101033,1,2,21.6,0,0.273
B101034,6,0,5.6,2,0.192
B101035,5,0,22.8,3,0.082
B101036,10,2,25.6,3,0.189
B101037,10,0,25.3,1,0.39
B101038,1,0,10.4,0,0.078
B101039,9,0,11.5,0,0.308
B101040,11,1,23.6,1,0.297
B101041,10,0,19.7,2,0.262
B101042,7,0,15.2,1,0.145
B101043,1,0,26.9,3,0.352
B101044,2,1,14.9,2,0.378
B101045,4,1,7.6,1,0.426
B101046,10,0,19.4,1,0.376
B101047,9,1,14.8,0,0.344
B101048,11,0,6.5,2,0.216
B101049,2,0,5.1,0,0.066
B101050,1,0,10.6,2,0.359
B101051,1,0,27.2,3,0.361
B101052,9,0,4.9,5,0.462
B101053,1,0,13.7,3,0.291
B101054,4,0,9.8,0,0.06
B101055,5,0,26.5,1,0.199
B101056,6,0,11.2,3,0.294
B101057,6,0,7.1,3,0.197
B101058,3,0,13.9,2,0.15
B101059,7,0,5.1,5,0.356
B101060,8,0,11.2,2,0.199
B101061,1,0,20.8,4,0.183
B101062,9,0,17.2,1,0.443
B101063,6,0,1.3,2,0.28
B101064,1,0,14.4,1,0.226
B101065,11,0,23,1,0.242
B101066,9,0,16.2,2,0.084
B101067,4,0,13.7,2,0.131
B101068,9,0,12.2,2,0.139
B101069,10,0,15.5,2,0.244
B101070,5,1,3,2,0.666
B101071,6,0,22.6,1,0.235
B101072,9,1,24.1,0,0.148
B101073,6,0,17,2,0.45
B101074,1,0,27.4,4,0.314
B101075,1,0,16,2,0.419
B101076,2,0,1.7,1,0.443
B101077,11,0,13.5,5,0.435
B101078,11,0,11.8,3,0.229
B101079,2,0,6.2,0,0.169
B101080,6,2,15.4,2,0.203
B101081,10,0,13.3,2,0.383
B101082,10,2,5.6,1,0.492
B101083,5,0,14.7,3,0.139
B101084,7,1,23.5,2,0.641
B101085,8,0,14.7,0,0.12
B101086,10,0,6.9,4,0.199
B101087,10,0,19.5,2,0.238
B101088,10,0,24.5,1,0.538
B101089,10,0,10.3,0,0.529
B101090,3,0,2.9,1,0.091
B101091,9,0,25.7,2,0.301
B101092,1,0,19.4,1,0.307
B101093,3,0,27.8,1,0.426
B101094,2,0,19.8,0,0.165
B101095,6,0,4.4,0,0.154
B101096,1,0,12.7,1,0.035
B101097,8,1,2.2,1,0.18
B101098,10,0,10.2,1,0.577
B101099,10,1,22.2,2,0.233
B101100,3,0,16,1,0.366
B101101,6,0,13.4,1,0.175
B101102,2,0,23.9,3,0.115
B101103,5,0,5.8,3,0.381
B101104,2,0,15.5,0,0.354
B101105,7,0,18.5,3,0.535
B101106,5,0,26,1,0.264
B101107,8,0,5.4,2,0.631
B101108,6,0,20.1,2,0.191
B101109,8,1,2.2,1,0.124
B101110,9,0,16.3,4,0.393
B101111,7,0,18.4,1,0.18
B101112,1,0,23.7,1,0.66
B101113,9,0,9.7,1,0.152
B101114,9,0,19.8,2,0.31
B101115,10,0,3.5,4,0.14
B101116,2,1,7,1,0.22
B101117,2,2,21.9,3,0.348
B101118,7,0,25.1,0,0.199
B101119,5,0,1.4,0,0.051
B101120,5,0,5.5,1,0.196
B101121,1,0,6.7,2,0.047
B101122,6,0,15,0,0.23
B101123,8,0,5.2,2,0.17
B101124,4,0,27.4,2,0.177
B101125,3,0,11.5,0,0.297
B101126,10,0,4.9,2,0.318
B101127,10,0,21.9,0,0.31
B101128,1,0,16.2,1,0.144
B101129,4,1,25.7,1,0.249
B101130,2,0,26.3,2,0.237
B101131,5,0,24.1,0,0.294
B101132,10,0,16.2,1,0.453
B101133,1,0,7,1,0.198
B101134,9,0,12.6,0,0.504
B101135,9,0,14,1,0.27
B101136,5,0,27.3,1,0.269
B101137,1,0,7.8,1,0.215
B101138,3,0,12.7,3,0.142
B101139,7,1,16.2,3,0.198
B101140,5,1,11.6,2,0.184
B101141,11,0,4.3,0,0.74
B101142,9,0,25,2,0.069
B101143,4,0,22.6,4,0.212
B101144,5,2,7.9,1,0.43
B101145,3,1,13.1,2,0.186
B101146,8,1,20.9,1,0.553
B101147,3,0,27.3,2,0.13
B101148,6,0,5.5,2,0.353
B101149,7,0,18.2,2,0.245
B101150,2,0,23.1,2,0.091
B101151,7,1,1.7,0,0.256
B101152,3,0,22.9,2,0.395
B101153,3,0,22.3,1,0.046
B101154,5,0,25.9,0,0.063
B101155,4,0,3.3,0,0.086
B101156,10,1,4.4,2,0.318
B101157,7,0,15,3,0.109
B101158,3,0,24.5,1,0.264
B101159,9,0,24.6,2,0.368
B101160,1,0,19.9,2,0.419
B101161,2,0,13.1,3,0.695
B101162,11,1,7.2,3,0.38
B101163,9,0,13.8,0,0.56
B101164,11,0,6.9,1,0.23
B101165,8,0,21.9,0,0.306
B101166,7,0,12.4,1,0.34
B101167,9,0,15.6,3,0.678
B101168,5,0,19.4,1,0.28
B101169,3,2,15.2,2,0.42
B101170,2,0,21.4,3,0.405
B101171,6,0,22.2,3,0.292
B101172,2,0,7.6,1,0.417
B101173,8,0,9,3,0.334
B101174,5,1,2.6,1,0.056
B101175,11,0,3.4,1,0.261
B101176,2,0,23.4,1,0.572
B101177,6,0,6.8,2,0.177
B101178,6,1,23.5,0,0.521
B101179,8,0,27.6,2,0.25
B101180,6,0,7.6,1,0.097
B101181,3,0,13.4,2,0.039
B101182,8,0,15.5,1,0.695
B101183,2,0,26.5,4,0.075
B101184,9,0,5.8,0,0.152
B101185,6,0,23.6,0,0.309
B101186,1,0,26.9,3,0.409
B101187,4,0,16,2,0.232
B101188,1,0,5.1,1,0.201
B101189,3,0,10,1,0.643
B101190,10,0,26.9,2,0.471
B101191,6,0,5.5,3,0.625
B101192,3,0,14.2,0,0.211
B101193,5,1,6.1,2,0.469
B101194,8,0,25.4,2,0.437
B101195,8,0,16.9,2,0.615
B101196,9,0,25.9,1,0.346
B101197,4,0,26.5,0,0.2
B101198,5,2,14.2,0,0.349
B101199,4,0,26.3,1,0.683
B101200,7,0,1,0,0.252
